"Timestamp","Bu formu hangi dilde doldurmak istersiniz?
Which language would you like to complete this form in?","1-Lütfen okuduğunuz bölümün veya anadalınızın adını seçiniz. (Eğer çift anadal yapıyorsanız, ana bölümünüzü belirtiniz.)","2- Şu anda çift anadal veya yandal programına kayıtlı mısınız?","3- Şu anda hangi sınıf düzeyindesiniz?","4-Lütfen yaş aralığınızı belirtiniz.","5-Cinsiyet kimliğinizi aşağıdakilerden hangisi en iyi tanımlar?","6-Lütfen güncel genel not ortalamanızı (4.00 üzerinden) belirtiniz.","7-Şu anda herhangi bir işte, stajda veya serbest (freelance) pozisyonda çalışıyor musunuz?","8-Üniversite eğitimimin beni işe yeterince hazırladığını düşünüyorum. (1 = Kesinlikle katılmıyorum → 5 = Tamamen katılıyorum)
","9-Üniversitemdeki kariyerle ilgili desteklerden ve kaynaklardan memnunum. (1 = Kesinlikle katılmıyorum → 5 = Tamamen katılıyorum)
","10-Mesleki ve teknik becerilerime (programlama, iletişim, ekip çalışması vb.) güveniyorum.
","11-Beceri geliştirme etkinliklerine (kurs, atölye, sertifika, yarışma vb.) ne sıklıkla katılıyorsunuz?
","12-Profesyonel bağlantı kurma konusunda (etkinlikler, LinkedIn, mentorluk vb.) ne kadar aktifsiniz?
","13-Mezuniyet sonrası öncelikli planınız nedir?
","14-Bu boş yılın (gap year) gelecekteki kariyerinize veya eğitiminize faydalı olacağından ne kadar eminsiniz?","15-Boş yılınız (gap year) boyunca ne yapmayı planlıyorsunuz?","14-İşinizi nasıl finanse etmeyi planlıyorsunuz?","15-İşinizi hangi sektörde kurmayı planlıyorsunuz?(Size uygun olan tüm seçenekleri seçiniz.)","14-Mezuniyetten sonraki 6 ay içinde iş bulma konusunda kendinize güveniniz:
","15-Bölümünüzle doğrudan ilgili bir alanda çalışmayı planlıyor musunuz?","14-Yüksek lisans veya doktora yapmayı istemenizin başlıca nedeni nedir?","15-Program seçiminde sizin için en önemli etken hangisidir?","14-Bu planınızdan ne kadar eminsiniz? (1 = Hiç emin değilim / 5 = Tamamen eminim)","15-Bu planınızı ne zaman uygulamaya başlamayı planlıyorsunuz?","16-Beş yıl sonra nerede çalışmayı hedefliyorsunuz?","17-İlk tam zamanlı işinizde beklediğiniz net aylık maaş nedir (TL)? Lütfen yaklaşık bir aralık belirtiniz.","18- Gelecekteki işiniz için hangi çalışma tarzını tercih edersiniz?","19-İş seçimimde en önemli etkenin maddi güvenlik olduğunu düşünüyorum. (1 = Kesinlikle katılmıyorum → 5 = Tamamen katılıyorum)
","20-İlk işimde üç yıldan az çalışmayı bekliyorum. (1 = Kesinlikle katılmıyorum → 5 = Tamamen katılıyorum)
","21-Sadece diplomamın iyi bir iş bulmam için yeterli olacağını düşünüyorum. (1 = Kesinlikle katılmıyorum → 5 = Tamamen katılıyorum)","22- İyi bir yaşam standardı sürdürebilmek için ikinci bir işe ihtiyaç duyabileceğimi düşünüyorum. (1 = Kesinlikle katılmıyorum → 5 = Tamamen katılıyorum)","23- Bir işte esnek çalışma imkânına (uzaktan çalışma, esnek saatler gibi) sahip olmak benim için önceliklidir. (1 = Kesinlikle katılmıyorum → 5 = Tamamen katılıyorum)","24-Yurtdışında çalışma fırsatlarını değerlendirmeye açık olduğumu düşünüyorum. (1 = Kesinlikle katılmıyorum → 5 = Tamamen katılıyorum)
","25- İş–yaşam dengesinin kariyer prestijinden daha önemli olduğunu düşünüyorum. (1 = Kesinlikle katılmıyorum → 5 = Tamamen katılıyorum)
","26-Değerlerimle uyumlu bir iş için daha düşük bir maaşı kabul edebilirim. (1 = Kesinlikle katılmıyorum → 5 = Tamamen katılıyorum)","27- Yüksek bir gelir düzeyi için haftada 40 saatten fazla çalışmam gerektiğini düşünüyorum. (1 = Kesinlikle katılmıyorum → 5 = Tamamen katılıyorum)","28-Uzun vadeli kariyer başarımın çalışkanlıktan çok şansa bağlı olduğunu düşünüyorum. (1 = Kesinlikle katılmıyorum → 5 = Tamamen katılıyorum)","29- Aşağıdaki faktörleri 1 (En önemli)’den 5 (En az önemli)’ye kadar önceliklerinize göre sıralayınız. Her sayı yalnızca bir kez kullanılabilir. [ İş–yaşam dengesi]","29- Aşağıdaki faktörleri 1 (En önemli)’den 5 (En az önemli)’ye kadar önceliklerinize göre sıralayınız. Her sayı yalnızca bir kez kullanılabilir. [ Yüksek maaş ve ek olanaklar]","29- Aşağıdaki faktörleri 1 (En önemli)’den 5 (En az önemli)’ye kadar önceliklerinize göre sıralayınız. Her sayı yalnızca bir kez kullanılabilir. [ Anlamlı iş (toplumsal katkı)]","29- Aşağıdaki faktörleri 1 (En önemli)’den 5 (En az önemli)’ye kadar önceliklerinize göre sıralayınız. Her sayı yalnızca bir kez kullanılabilir. [İş güvencesi]","29- Aşağıdaki faktörleri 1 (En önemli)’den 5 (En az önemli)’ye kadar önceliklerinize göre sıralayınız. Her sayı yalnızca bir kez kullanılabilir. [ Otonomi ve bağımsızlık]"
2025-11-03 15:10:03.613,"Türkçe -Turkish","Kimya","Hayır","4. sınıf","21–23","Kadın","2.51–3.0","Hayır",4,4,5,"Nadiren","Ara sıra aktifim","Tam zamanlı işe başlamak",NA,NA,NA,NA,5,"Muhtemelen evet",NA,NA,NA,NA,"Türkiye’de – yerel firma","50.000–69.999","Hibrit",4,2,1,3,4,5,3,3,3,2,"1 (En önemli)","2.0","4.0","3.0","5 (En az önemli)"
2025-11-03 15:18:42.987,"Türkçe -Turkish","Bilgisayar ve Öğretim Teknolojileri Eğitimi","Evet, yandal yapıyorum","3. sınıf","21–23","Erkek","3.51–4.0","Hayır",2,4,3,"Ara sıra","Hiç aktif değilim","Yüksek lisans veya doktora yapmak",NA,NA,NA,NA,NA,NA,"Alanımı derinlemesine öğrenmek","Burs / finansal destek olanakları",NA,NA,"Bilmiyorum","30.000–49.999","Hibrit",2,3,2,4,4,5,5,5,5,3,"2.0","4.0","5 (En az önemli)","3.0","1 (En önemli)"
2025-11-03 15:20:24.733,"Türkçe -Turkish","Elektrik ve Elektronik Mühendisliği","Hayır","3. sınıf","21–23","Kadın","3.01–3.5","Hayır",2,1,3,"Nadiren","Nadiren aktifim","Tam zamanlı işe başlamak",NA,NA,NA,NA,3,"Evet",NA,NA,NA,NA,"Türkiye’de – uluslararası firma","50.000–69.999","Ofiste",4,4,3,1,2,5,4,4,1,1,"3.0","2.0","4.0","1 (En önemli)","5 (En az önemli)"
2025-11-03 15:24:11.379,"Türkçe -Turkish","Endüstri Mühendisliği","Hayır","3. sınıf","21–23","Erkek","0–2.0","Hayır",3,2,3,"Hiçbir zaman","Nadiren aktifim","Ara yıl (gap year) vermek",4,"Staj / iş deneyimi",NA,NA,NA,NA,NA,NA,NA,NA,"Türkiye’de – uluslararası firma","50.000–69.999","Ofiste",3,4,2,2,3,5,4,1,1,2,"4.0","3.0","5 (En az önemli)","2.0","1 (En önemli)"
2025-11-03 15:24:36.693,"Türkçe -Turkish","Endüstri Ürünleri Tasarımı","Hayır","4. sınıf","21–23","Erkek","3.01–3.5","Hayır",4,3,4,"Hiçbir zaman","Hiç aktif değilim","Yüksek lisans veya doktora yapmak",NA,NA,NA,NA,NA,NA,"Yurtdışında deneyim kazanmak","Konum (ülke / şehir)",NA,NA,"Yurtdışında","50.000–69.999","Hibrit",4,3,2,2,3,5,3,3,3,3,"4.0","1 (En önemli)","2.0","3.0","5 (En az önemli)"
2025-11-03 15:24:54.075,"Türkçe -Turkish","Tarih","Evet, yandal yapıyorum","3. sınıf","21–23","Kadın","3.51–4.0","Evet, yarı zamanlı",3,2,1,"Nadiren","Hiç aktif değilim","Yüksek lisans veya doktora yapmak",NA,NA,NA,NA,NA,NA,"Alanımı derinlemesine öğrenmek","Üniversitenin itibarı",NA,NA,"Bilmiyorum","<30.000","Ofiste",1,2,1,3,3,2,2,4,3,2,"2.0","4.0","3.0","5 (En az önemli)","1 (En önemli)"
2025-11-03 15:30:35.678,"Türkçe -Turkish","İstatistik","Hayır","4. sınıf","21–23","Kadın","2.51–3.0","Evet, stajyer olarak",2,2,3,"Nadiren","Nadiren aktifim","Tam zamanlı işe başlamak",NA,NA,NA,NA,5,"Muhtemelen evet",NA,NA,NA,NA,"Kendi işimde","70.000–99.999","Hibrit",3,1,2,1,5,5,5,4,1,3,"1 (En önemli)","5 (En az önemli)","2.0","3.0","4.0"
2025-11-03 15:32:05.364,"Türkçe -Turkish","Elektrik ve Elektronik Mühendisliği","Hayır","3. sınıf","21–23","Erkek","2.01–2.5","Hayır",3,4,5,"Hiçbir zaman","Hiç aktif değilim","Tam zamanlı işe başlamak",NA,NA,NA,NA,5,"Muhtemelen evet",NA,NA,NA,NA,"Türkiye’de – uluslararası firma","50.000–69.999","Hibrit",4,5,3,3,3,5,3,3,5,1,"5 (En az önemli)","1 (En önemli)","4.0","3.0","2.0"
2025-11-03 15:44:40.211,"Türkçe -Turkish","İstatistik","Hayır","2. sınıf","21–23","Kadın","2.01–2.5","Hayır",3,4,3,"Sık sık","Sık aktifim","Yüksek lisans veya doktora yapmak",NA,NA,NA,NA,NA,NA,"Yurtdışında deneyim kazanmak","Konum (ülke / şehir)",NA,NA,"Yurtdışında","30.000–49.999","Hibrit",4,3,1,1,3,5,3,3,3,2,"1 (En önemli)","2.0","5 (En az önemli)","4.0","3.0"
2025-11-03 15:51:36.787,"Türkçe -Turkish","Bilgisayar Mühendisliği","Evet, çift anadal yapıyorum","3. sınıf","21–23","Erkek","3.51–4.0","Hayır",3,4,5,"Hiçbir zaman","Nadiren aktifim","Yüksek lisans veya doktora yapmak",NA,NA,NA,NA,NA,NA,"İş piyasasında rekabet avantajı elde etmek","Üniversitenin itibarı",NA,NA,"Yurtdışında","70.000–99.999","Hibrit",4,5,4,1,5,5,4,3,4,3,"2.0","3.0","4.0","5 (En az önemli)","1 (En önemli)"
2025-11-03 16:02:36.909,"Türkçe -Turkish","Matematik","Evet, çift anadal yapıyorum","3. sınıf","21–23","Erkek","3.51–4.0","Hayır",1,1,4,"Hiçbir zaman","Nadiren aktifim","Tam zamanlı işe başlamak",NA,NA,NA,NA,1,"Muhtemelen hayır",NA,NA,NA,NA,"Yurtdışında","<30.000","Ofiste",5,1,1,5,3,5,4,4,5,3,"4.0","2.0","3.0","1 (En önemli)","5 (En az önemli)"
2025-11-03 16:07:31.982,"Türkçe -Turkish","Havacılık ve Uzay Mühendisliği","Hayır","3. sınıf","21–23","Erkek","3.01–3.5","Hayır",3,2,4,"Sık sık","Nadiren aktifim","Tam zamanlı işe başlamak",NA,NA,NA,NA,4,"Muhtemelen evet",NA,NA,NA,NA,"Türkiye’de – uluslararası firma","50.000–69.999","Hibrit",4,2,1,2,3,4,4,2,4,3,"1 (En önemli)","2.0","4.0","3.0","5 (En az önemli)"
2025-11-03 16:08:15.757,"Türkçe -Turkish","Matematik","Hayır","4. sınıf","24 ve üzeri","Erkek","3.01–3.5","Evet, stajyer olarak",3,3,3,"Sık sık","Ara sıra aktifim","Yüksek lisans veya doktora yapmak",NA,NA,NA,NA,NA,NA,"Şahsi tatmin","Üniversitenin itibarı",NA,NA,"Bilmiyorum","30.000–49.999","Tamamen uzaktan",3,5,2,3,4,4,5,4,3,4,"1 (En önemli)","2.0","5 (En az önemli)","3.0","4.0"
2025-11-03 16:23:20.262,"Türkçe -Turkish","İnşaat Mühendisliği","Hayır","3. sınıf","21–23","Erkek","3.01–3.5","Hayır",4,4,4,"Hiçbir zaman","Nadiren aktifim","Yüksek lisans veya doktora yapmak",NA,NA,NA,NA,NA,NA,"İş piyasasında rekabet avantajı elde etmek","Üniversitenin itibarı",NA,NA,"Türkiye’de – uluslararası firma","50.000–69.999","Hibrit",3,4,2,2,5,5,4,3,3,3,"3.0","1 (En önemli)","4.0","2.0","5 (En az önemli)"
2025-11-03 16:39:49.537,"Türkçe -Turkish","Matematik","Hayır","3. sınıf","21–23","Kadın","3.51–4.0","Hayır",2,2,3,"Ara sıra","Hiç aktif değilim","Yüksek lisans veya doktora yapmak",NA,NA,NA,NA,NA,NA,"Akademik kariyer hedefi (araştırma / öğretim üyesi olmak)","Üniversitenin itibarı",NA,NA,"Yurtdışında","30.000–49.999","Ofiste",3,3,3,2,4,5,4,4,2,3,"3.0","4.0","2.0","5 (En az önemli)","1 (En önemli)"
2025-11-03 16:40:20.557,"Türkçe -Turkish","Bilgisayar Mühendisliği","Hayır","1. sınıf","18–20","Erkek","3.01–3.5","Hayır",1,3,3,"Nadiren","Hiç aktif değilim","Yüksek lisans veya doktora yapmak",NA,NA,NA,NA,NA,NA,"Alanımı derinlemesine öğrenmek","Konum (ülke / şehir)",NA,NA,"Bilmiyorum","Belirtmek istemiyorum","Hibrit",2,2,4,3,4,2,2,3,2,4,"4.0","3.0","5 (En az önemli)","2.0","1 (En önemli)"
2025-11-03 16:40:47.315,"Türkçe -Turkish","Fizik","Hayır","3. sınıf","21–23","Erkek","2.51–3.0","Hayır",3,2,2,"Nadiren","Hiç aktif değilim","Tam zamanlı işe başlamak",NA,NA,NA,NA,3,"Evet",NA,NA,NA,NA,"Bilmiyorum","30.000–49.999","Hibrit",2,3,2,2,4,4,4,5,2,2,"1 (En önemli)","3.0","2.0","4.0","5 (En az önemli)"
2025-11-03 16:45:06.723,"Türkçe -Turkish","Bilgisayar Mühendisliği","Hayır","3. sınıf","21–23","Erkek","3.01–3.5","Hayır",5,5,5,"Nadiren","Ara sıra aktifim","Yüksek lisans veya doktora yapmak",NA,NA,NA,NA,NA,NA,"Yurtdışında deneyim kazanmak","Üniversitenin itibarı",NA,NA,"Yurtdışında","70.000–99.999","Hibrit",5,4,3,2,5,5,5,3,5,4,"3.0","1 (En önemli)","4.0","2.0","5 (En az önemli)"
2025-11-03 16:45:35.818,"Türkçe -Turkish","Gıda Mühendisliği","Hayır","1. sınıf","21–23","Erkek","0–2.0","Hayır",3,4,4,"Ara sıra","Sık aktifim","Kendi işimi kurmak",NA,NA,"Henüz emin değilim","Gıda / Turizm / Perakende",NA,NA,NA,NA,NA,NA,"Kendi işimde","30.000–49.999","Hibrit",4,3,1,2,3,5,3,2,3,3,"4.0","5 (En az önemli)","1 (En önemli)","3.0","2.0"
2025-11-03 16:51:52.863,"Türkçe -Turkish","Bilgisayar Mühendisliği","Hayır","1. sınıf","18–20","Erkek","3.51–4.0","Hayır",2,4,2,"Ara sıra","Hiç aktif değilim","Yüksek lisans veya doktora yapmak",NA,NA,NA,NA,NA,NA,"Yurtdışında deneyim kazanmak","Üniversitenin itibarı",NA,NA,"Türkiye’de – uluslararası firma","50.000–69.999","Hibrit",4,5,2,2,4,4,4,3,3,4,"4.0","3.0","1 (En önemli)","5 (En az önemli)","2.0"
2025-11-03 16:51:56.81,"Türkçe -Turkish","Bilgisayar Mühendisliği","Hayır","3. sınıf","21–23","Kadın","3.51–4.0","Evet, yarı zamanlı",2,1,3,"Nadiren","Ara sıra aktifim","Ara yıl (gap year) vermek",1,"Seyahat / kültürel değişim",NA,NA,NA,NA,NA,NA,NA,NA,"Yurtdışında","70.000–99.999","Hibrit",3,5,1,1,4,5,5,2,1,3,"1 (En önemli)","3.0","5 (En az önemli)","4.0","2.0"
2025-11-03 16:52:55.883,"Türkçe -Turkish","Bilgisayar Mühendisliği","Hayır","3. sınıf","21–23","Kadın","2.51–3.0","Hayır",3,3,3,"Ara sıra","Nadiren aktifim","Tam zamanlı işe başlamak",NA,NA,NA,NA,4,"Evet",NA,NA,NA,NA,"Yurtdışında","100.000+","Ofiste",4,4,3,2,5,5,5,5,5,5,"5 (En az önemli)","3.0","2.0","4.0","1 (En önemli)"
2025-11-03 16:53:53.466,"Türkçe -Turkish","Bilgisayar Mühendisliği","Hayır","2. sınıf","18–20","Erkek","3.01–3.5","Hayır",2,1,2,"Ara sıra","Ara sıra aktifim","Yüksek lisans veya doktora yapmak",NA,NA,NA,NA,NA,NA,"Alanımı derinlemesine öğrenmek","Hepsi",NA,NA,"Yurtdışında","70.000–99.999","Hibrit",4,4,2,1,2,4,3,3,3,4,"3.0","4.0","2.0","1 (En önemli)","5 (En az önemli)"
2025-11-03 17:00:56.032,"Türkçe -Turkish","Şehir ve Bölge Planlama","Evet, yandal yapıyorum","1. sınıf","18 yaş altı","Kadın","2.01–2.5","Evet, yarı zamanlı",2,1,5,"Nadiren","Nadiren aktifim","Kendi işimi kurmak",NA,NA,"Kişisel birikimlerimle","Eğitim / Öğretim",NA,NA,NA,NA,NA,NA,"Türkiye’de – yerel firma","30.000–49.999","Ofiste",2,4,2,4,2,1,5,1,4,3,"1 (En önemli)","2.0","3.0","5 (En az önemli)","4.0"
2025-11-03 17:07:16.63,"Türkçe -Turkish","Tarih","Hayır","3. sınıf","21–23","Kadın","2.51–3.0","Hayır",2,3,3,"Hiçbir zaman","Hiç aktif değilim","Tam zamanlı işe başlamak",NA,NA,NA,NA,3,"Muhtemelen hayır",NA,NA,NA,NA,"Bilmiyorum","30.000–49.999","Hibrit",4,2,2,1,4,3,4,2,3,3,"5 (En az önemli)","3.0","1 (En önemli)","4.0","2.0"
2025-11-03 17:31:38.328,"Türkçe -Turkish","Matematik","Evet, yandal yapıyorum","3. sınıf","21–23","Erkek","2.51–3.0","Hayır",4,2,4,"Ara sıra","Nadiren aktifim","Yüksek lisans veya doktora yapmak",NA,NA,NA,NA,NA,NA,"Akademik kariyer hedefi (araştırma / öğretim üyesi olmak)","Üniversitenin itibarı",NA,NA,"Yurtdışında","100.000+","Hibrit",2,2,1,4,5,5,1,4,4,3,"3.0","5 (En az önemli)","2.0","4.0","1 (En önemli)"
2025-11-03 17:33:32.578,"Türkçe -Turkish","Tarih","Hayır","2. sınıf","21–23","Kadın","2.51–3.0","Hayır",2,3,4,"Nadiren","Hiç aktif değilim","Yüksek lisans veya doktora yapmak",NA,NA,NA,NA,NA,NA,"Akademik kariyer hedefi (araştırma / öğretim üyesi olmak)","İş olanakları",NA,NA,"Türkiye’de – uluslararası firma","Belirtmek istemiyorum","Hibrit",4,3,1,3,3,5,3,3,3,2,"4.0","5 (En az önemli)","3.0","1 (En önemli)","2.0"
2025-11-03 17:34:54.295,"Türkçe -Turkish","İktisat","Hayır","3. sınıf","21–23","Erkek","2.01–2.5","Hayır",2,2,3,"Ara sıra","Çok aktifim","Tam zamanlı işe başlamak",NA,NA,NA,NA,5,"Evet",NA,NA,NA,NA,"Türkiye’de – uluslararası firma","70.000–99.999","Hibrit",4,4,2,1,5,5,4,3,4,1,"2.0","1 (En önemli)","5 (En az önemli)","3.0","4.0"
2025-11-03 17:44:57.407,"Türkçe -Turkish","Elektrik ve Elektronik Mühendisliği","Hayır","2. sınıf","21–23","Erkek","3.51–4.0","Hayır",2,3,4,"Hiçbir zaman","Nadiren aktifim","Yüksek lisans veya doktora yapmak",NA,NA,NA,NA,NA,NA,"Alanımı derinlemesine öğrenmek","Üniversitenin itibarı",NA,NA,"Yurtdışında","70.000–99.999","Hibrit",4,3,4,1,4,5,5,3,2,2,"2.0","3.0","5 (En az önemli)","4.0","1 (En önemli)"
2025-11-03 18:48:35.666,"Türkçe -Turkish","Tarih","Hayır","3. sınıf","18–20","Kadın","3.01–3.5","Hayır",4,1,5,"Nadiren","Nadiren aktifim","Yüksek lisans veya doktora yapmak",NA,NA,NA,NA,NA,NA,"Akademik kariyer hedefi (araştırma / öğretim üyesi olmak)","Üniversitenin itibarı",NA,NA,"Türkiye’de – yerel firma","<30.000","Ofiste",4,3,2,2,1,1,4,2,3,1,"4.0","2.0","3.0","1 (En önemli)","5 (En az önemli)"
2025-11-03 18:49:57.572,"Türkçe -Turkish","Tarih","Hayır","3. sınıf","21–23","Kadın","3.51–4.0","Hayır",3,3,5,"Ara sıra","Ara sıra aktifim","Emin değilim",NA,NA,NA,NA,NA,NA,NA,NA,3,"Henüz emin değilim","Kendi işimde","70.000–99.999","Ofiste",3,2,3,2,2,3,2,3,2,3,"1 (En önemli)","3.0","2.0","4.0","5 (En az önemli)"
2025-11-03 18:54:38.336,"Türkçe -Turkish","Moleküler Biyoloji ve Genetik","Hayır","Mezun","24 ve üzeri","Kadın","3.01–3.5","Evet, yarı zamanlı",2,2,4,"Nadiren","Ara sıra aktifim","Ara yıl (gap year) vermek",4,"Yukarıdakilerin hepsini yapıyorum",NA,NA,NA,NA,NA,NA,NA,NA,"Yurtdışında","30.000–49.999","Ofiste",4,2,2,4,4,5,4,3,4,2,"1 (En önemli)","2.0","4.0","3.0","5 (En az önemli)"
2025-11-03 18:56:45.025,"Türkçe -Turkish","Siyaset Bilimi ve Kamu Yönetimi","Evet, yandal yapıyorum","3. sınıf","21–23","Kadın","3.51–4.0","Hayır",1,1,3,"Sık sık","Nadiren aktifim","Tam zamanlı işe başlamak",NA,NA,NA,NA,4,"Hayır",NA,NA,NA,NA,"Türkiye’de – uluslararası firma","50.000–69.999","Hibrit",3,3,1,1,4,2,4,2,3,5,"5 (En az önemli)","4.0","1 (En önemli)","2.0","3.0"
2025-11-03 18:58:05.264,"Türkçe -Turkish","Endüstri Mühendisliği","Hayır","4. sınıf","21–23","Kadın","3.01–3.5","Hayır",3,3,4,"Ara sıra","Ara sıra aktifim","Yüksek lisans veya doktora yapmak",NA,NA,NA,NA,NA,NA,"Alanımı derinlemesine öğrenmek","Üniversitenin itibarı",NA,NA,"Yurtdışında","70.000–99.999","Hibrit",4,3,3,2,3,5,2,2,2,2,"4.0","2.0","3.0","5 (En az önemli)","1 (En önemli)"
2025-11-03 19:02:12.086,"Türkçe -Turkish","Makina Mühendisliği","Hayır","3. sınıf","21–23","Kadın","2.01–2.5","Hayır",2,3,3,"Nadiren","Ara sıra aktifim","Yüksek lisans veya doktora yapmak",NA,NA,NA,NA,NA,NA,"Akademik kariyer hedefi (araştırma / öğretim üyesi olmak)","Konum (ülke / şehir)",NA,NA,"Türkiye’de – uluslararası firma","70.000–99.999","Hibrit",3,2,1,2,4,4,3,3,3,4,"4.0","2.0","3.0","5 (En az önemli)","1 (En önemli)"
2025-11-03 19:41:56.248,"Türkçe -Turkish","Bilgisayar Mühendisliği","Hayır","2. sınıf","18–20","Erkek","3.51–4.0","Hayır",3,3,4,"Ara sıra","Ara sıra aktifim","Yüksek lisans veya doktora yapmak",NA,NA,NA,NA,NA,NA,"Alanımı derinlemesine öğrenmek","Üniversitenin itibarı",NA,NA,"Türkiye’de – uluslararası firma","50.000–69.999","Hibrit",2,4,4,1,4,5,3,3,2,2,"5 (En az önemli)","2.0","1 (En önemli)","3.0","4.0"
2025-11-03 19:46:54.792,"Türkçe -Turkish","Bilgisayar Mühendisliği","Hayır","3. sınıf","21–23","Erkek","2.51–3.0","Hayır",3,3,4,"Hiçbir zaman","Ara sıra aktifim","Tam zamanlı işe başlamak",NA,NA,NA,NA,4,"Muhtemelen evet",NA,NA,NA,NA,"Türkiye’de – uluslararası firma","70.000–99.999","Hibrit",4,4,3,3,4,4,3,3,4,3,"4.0","1 (En önemli)","5 (En az önemli)","3.0","2.0"
2025-11-03 20:21:38.194,"Türkçe -Turkish","Fizik","Hayır","1. sınıf","18–20","Kadın","0–2.0","Hayır",4,4,4,"Ara sıra","Ara sıra aktifim","Yüksek lisans veya doktora yapmak",NA,NA,NA,NA,NA,NA,"Yurtdışında deneyim kazanmak","Üniversitenin itibarı",NA,NA,"Yurtdışında","Belirtmek istemiyorum","Ofiste",3,3,2,2,4,5,1,4,3,3,"4.0","2.0","1 (En önemli)","3.0","5 (En az önemli)"
2025-11-03 20:23:04.723,"Türkçe -Turkish","Petrol ve Doğal Gaz Mühendisliği","Hayır","3. sınıf","24 ve üzeri","Erkek","0–2.0","Hayır",1,1,3,"Ara sıra","Nadiren aktifim","Tam zamanlı işe başlamak",NA,NA,NA,NA,2,"Evet",NA,NA,NA,NA,"Türkiye’de – yerel firma","70.000–99.999","Hibrit",4,3,4,1,5,5,5,3,5,5,"5 (En az önemli)","4.0","3.0","2.0","1 (En önemli)"
2025-11-03 20:27:00.004,"Türkçe -Turkish","Tarih","Hayır","3. sınıf","24 ve üzeri","Erkek","3.01–3.5","Hayır",2,1,1,"Nadiren","Nadiren aktifim","Yüksek lisans veya doktora yapmak",NA,NA,NA,NA,NA,NA,"Akademik kariyer hedefi (araştırma / öğretim üyesi olmak)","Üniversitenin itibarı",NA,NA,"Türkiye’de – yerel firma","<30.000","Ofiste",4,2,1,4,4,3,2,3,4,3,"4.0","2.0","5 (En az önemli)","1 (En önemli)","3.0"
2025-11-03 20:27:21.925,"Türkçe -Turkish","İstatistik","Hayır","3. sınıf","18–20","Kadın","3.01–3.5","Hayır",2,2,3,"Nadiren","Çok aktifim","Yüksek lisans veya doktora yapmak",NA,NA,NA,NA,NA,NA,"Yurtdışında deneyim kazanmak","Burs / finansal destek olanakları",NA,NA,"Yurtdışında","50.000–69.999","Hibrit",4,5,1,4,3,5,4,3,4,4,"1 (En önemli)","2.0","5 (En az önemli)","3.0","4.0"
2025-11-03 20:27:32.882,"Türkçe -Turkish","Bilgisayar Mühendisliği","Hayır","1. sınıf","18–20","Erkek","3.01–3.5","Hayır",1,4,3,"Sık sık","Ara sıra aktifim","Askerliğimi yapmak",NA,NA,NA,NA,NA,NA,NA,NA,4,"Mezuniyetin hemen ardından","Türkiye’de – yerel firma","<30.000","Hibrit",5,5,1,5,2,3,3,2,5,5,"3.0","2.0","5 (En az önemli)","1 (En önemli)","4.0"
2025-11-03 20:40:18.752,"Türkçe -Turkish","Bilgisayar Mühendisliği","Hayır","3. sınıf","21–23","Kadın","3.01–3.5","Hayır",4,4,4,"Ara sıra","Sık aktifim","Yüksek lisans veya doktora yapmak",NA,NA,NA,NA,NA,NA,"İş piyasasında rekabet avantajı elde etmek","İş olanakları",NA,NA,"Yurtdışında","100.000+","Hibrit",5,2,3,4,4,5,5,2,5,5,"3.0","2.0","4.0","1 (En önemli)","5 (En az önemli)"
2025-11-03 20:40:23.383,"Türkçe -Turkish","Elektrik ve Elektronik Mühendisliği","Hayır","3. sınıf","21–23","Erkek","2.01–2.5","Hayır",4,4,5,"Ara sıra","Ara sıra aktifim","Tam zamanlı işe başlamak",NA,NA,NA,NA,4,"Muhtemelen evet",NA,NA,NA,NA,"Yurtdışında","70.000–99.999","Ofiste",5,2,2,1,2,5,4,4,4,2,"4.0","5 (En az önemli)","3.0","2.0","1 (En önemli)"
2025-11-03 20:48:44.289,"Türkçe -Turkish","İstatistik","Hayır","2. sınıf","21–23","Kadın","2.51–3.0","Hayır",2,2,2,"Sık sık","Çok aktifim","Yüksek lisans veya doktora yapmak",NA,NA,NA,NA,NA,NA,"Yurtdışında deneyim kazanmak","Üniversitenin itibarı",NA,NA,"Yurtdışında","50.000–69.999","Hibrit",5,4,1,2,5,5,5,4,2,5,"2.0","1 (En önemli)","5 (En az önemli)","3.0","4.0"
2025-11-03 20:53:26.709,"Türkçe -Turkish","Uluslararası İlişkiler","Hayır","3. sınıf","21–23","Kadın","3.01–3.5","Hayır",3,2,4,"Sık sık","Sık aktifim","Yüksek lisans veya doktora yapmak",NA,NA,NA,NA,NA,NA,"Akademik kariyer hedefi (araştırma / öğretim üyesi olmak)","Üniversitenin itibarı",NA,NA,"Yurtdışında","70.000–99.999","Hibrit",3,3,2,2,3,5,2,4,2,2,"3.0","4.0","2.0","5 (En az önemli)","1 (En önemli)"
2025-11-03 21:24:59.873,"Türkçe -Turkish","Makina Mühendisliği","Hayır","3. sınıf","21–23","Erkek","3.01–3.5","Hayır",3,3,5,"Ara sıra","Sık aktifim","Tam zamanlı işe başlamak",NA,NA,NA,NA,5,"Evet",NA,NA,NA,NA,"Yurtdışında","70.000–99.999","Ofiste",3,2,1,2,1,4,5,5,1,3,"1 (En önemli)","2.0","3.0","5 (En az önemli)","4.0"
2025-11-03 21:36:15.241,"Türkçe -Turkish","Makina Mühendisliği","Hayır","3. sınıf","21–23","Erkek","3.51–4.0","Hayır",3,3,4,"Nadiren","Nadiren aktifim","Tam zamanlı işe başlamak",NA,NA,NA,NA,5,"Evet",NA,NA,NA,NA,"Bilmiyorum","70.000–99.999","Ofiste",4,4,5,1,2,5,5,5,5,2,"1 (En önemli)","5 (En az önemli)","3.0","2.0","4.0"
2025-11-03 22:01:02.492,"Türkçe -Turkish","Biyoloji","Hayır","2. sınıf","18–20","Kadın","3.01–3.5","Hayır",3,4,5,"Ara sıra","Sık aktifim","Yüksek lisans veya doktora yapmak",NA,NA,NA,NA,NA,NA,"Alanımı derinlemesine öğrenmek","İş olanakları",NA,NA,"Türkiye’de – uluslararası firma","70.000–99.999","Ofiste",4,3,3,2,4,5,3,3,4,2,"2.0","1 (En önemli)","3.0","4.0","5 (En az önemli)"
2025-11-03 22:18:52.077,"Türkçe -Turkish","Matematik Eğitimi","Evet, yandal yapıyorum","4. sınıf","24 ve üzeri","Kadın","3.51–4.0","Evet, yarı zamanlı",4,3,5,"Sık sık","Ara sıra aktifim","Yüksek lisans veya doktora yapmak",NA,NA,NA,NA,NA,NA,"Alanımı derinlemesine öğrenmek","İş olanakları",NA,NA,"Yurtdışında","70.000–99.999","Hibrit",4,1,2,3,4,5,4,3,3,1,"5 (En az önemli)","4.0","2.0","3.0","1 (En önemli)"
2025-11-03 22:25:27.419,"Türkçe -Turkish","Elektrik ve Elektronik Mühendisliği","Hayır","1. sınıf","18 yaş altı","Erkek","3.51–4.0","Hayır",4,4,5,"Ara sıra","Nadiren aktifim","Kendi işimi kurmak",NA,NA,"Yatırımcılar veya girişim sermayesiyle","Üretim / Mühendislik",NA,NA,NA,NA,NA,NA,"Kendi işimde","70.000–99.999","Hibrit",5,3,2,2,4,4,5,4,3,3,"2.0","1 (En önemli)","3.0","4.0","5 (En az önemli)"
2025-11-03 22:37:14.699,"Türkçe -Turkish","Fizik","Hayır","3. sınıf","21–23","Erkek","2.51–3.0","Hayır",2,4,3,"Nadiren","Hiç aktif değilim","Planım yok",NA,NA,NA,NA,NA,NA,NA,NA,1,"Henüz emin değilim","Yurtdışında","Belirtmek istemiyorum","Hibrit",2,3,2,3,4,5,5,4,4,3,"1 (En önemli)","4.0","5 (En az önemli)","3.0","2.0"
2025-11-03 22:40:01.026,"Türkçe -Turkish","İngilizce Öğretmenliği","Hayır","Hazırlık","18 yaş altı","Kadın","3.51–4.0","Evet, yarı zamanlı",5,5,5,"Ara sıra","Sık aktifim","Tam zamanlı işe başlamak",NA,NA,NA,NA,4,"Muhtemelen evet",NA,NA,NA,NA,"Yurtdışında","30.000–49.999","Hibrit",4,3,3,3,5,5,5,3,3,4,"1 (En önemli)","2.0","5 (En az önemli)","3.0","4.0"
2025-11-03 22:46:05.419,"Türkçe -Turkish","Psikoloji","Evet, çift anadal yapıyorum","2. sınıf","18–20","Erkek","3.01–3.5","Evet, yarı zamanlı",3,3,5,"Sık sık","Çok aktifim","Ara yıl (gap year) vermek",5,"Seyahat / kültürel değişim",NA,NA,NA,NA,NA,NA,NA,NA,"Yurtdışında","70.000–99.999","Ofiste",5,4,4,5,4,4,4,5,5,4,"1 (En önemli)","2.0","3.0","4.0","5 (En az önemli)"
2025-11-03 22:58:49.243,"Türkçe -Turkish","Fizik","Hayır","2. sınıf","21–23","Erkek","2.01–2.5","Hayır",2,2,3,"Hiçbir zaman","Hiç aktif değilim","Tam zamanlı işe başlamak",NA,NA,NA,NA,1,"Muhtemelen evet",NA,NA,NA,NA,"Türkiye’de – yerel firma","50.000–69.999","Tamamen uzaktan",2,2,1,3,5,3,5,5,5,4,"4.0","2.0","3.0","5 (En az önemli)","1 (En önemli)"
2025-11-03 23:05:03.075,"Türkçe -Turkish","Jeoloji Mühendisliği","Hayır","1. sınıf","21–23","Kadın","0–2.0","Hayır",2,3,4,"Nadiren","Ara sıra aktifim","Tam zamanlı işe başlamak",NA,NA,NA,NA,4,"Muhtemelen hayır",NA,NA,NA,NA,"Türkiye’de – yerel firma","70.000–99.999","Ofiste",5,2,5,2,2,4,3,2,4,3,"1 (En önemli)","2.0","4.0","3.0","5 (En az önemli)"
2025-11-04 09:37:45.383,"Türkçe -Turkish","Elektrik ve Elektronik Mühendisliği","Hayır","3. sınıf","21–23","Kadın","3.51–4.0","Hayır",3,3,5,"Ara sıra","Nadiren aktifim","Yüksek lisans veya doktora yapmak",NA,NA,NA,NA,NA,NA,"Alanımı derinlemesine öğrenmek","İş olanakları",NA,NA,"Kendi işimde","70.000–99.999","Hibrit",2,4,4,2,5,5,3,4,1,1,"5 (En az önemli)","1 (En önemli)","2.0","3.0","4.0"
2025-11-04 09:47:13.74,"Türkçe -Turkish","Kimya Eğitimi","Hayır","3. sınıf","21–23","Kadın","2.01–2.5","Hayır",3,2,3,"Nadiren","Hiç aktif değilim","Yüksek lisans veya doktora yapmak",NA,NA,NA,NA,NA,NA,"Alanımı derinlemesine öğrenmek","Konum (ülke / şehir)",NA,NA,"Bilmiyorum","50.000–69.999","Hibrit",3,4,1,3,4,5,5,5,4,3,"1 (En önemli)","2.0","3.0","5 (En az önemli)","4.0"
2025-11-04 09:53:55.595,"Türkçe -Turkish","Uluslararası İlişkiler","Hayır","4. sınıf","21–23","Kadın","2.51–3.0","Hayır",1,2,4,"Çok sık","Çok aktifim","Tam zamanlı işe başlamak",NA,NA,NA,NA,4,"Muhtemelen hayır",NA,NA,NA,NA,"Türkiye’de – uluslararası firma","30.000–49.999","Hibrit",3,4,1,1,5,3,2,5,2,2,"3.0","4.0","2.0","5 (En az önemli)","1 (En önemli)"
2025-11-04 09:57:57.428,"Türkçe -Turkish","Elektrik ve Elektronik Mühendisliği","Hayır","Hazırlık","18–20","Erkek","3.01–3.5","Hayır",2,3,4,"Sık sık","Sık aktifim","Kendi işimi kurmak",NA,NA,"Yatırımcılar veya girişim sermayesiyle","Teknoloji / Yazılım",NA,NA,NA,NA,NA,NA,"Kendi işimde","Belirtmek istemiyorum","Hibrit",4,3,2,2,4,5,4,3,2,2,"3.0","4.0","2.0","5 (En az önemli)","1 (En önemli)"
2025-11-04 10:16:05.156,"Türkçe -Turkish","İnşaat Mühendisliği","Hayır","3. sınıf","21–23","Kadın","2.01–2.5","Hayır",3,2,4,"Nadiren","Ara sıra aktifim","Tam zamanlı işe başlamak",NA,NA,NA,NA,5,"Evet",NA,NA,NA,NA,"Yurtdışında","70.000–99.999","Ofiste",2,1,4,1,3,5,4,4,4,4,"2.0","3.0","4.0","1 (En önemli)","5 (En az önemli)"
2025-11-04 10:46:04.316,"Türkçe -Turkish","Çevre Mühendisliği","Hayır","2. sınıf","18–20","Kadın","2.01–2.5","Hayır",3,2,4,"Ara sıra","Ara sıra aktifim","Tam zamanlı işe başlamak",NA,NA,NA,NA,3,"Muhtemelen evet",NA,NA,NA,NA,"Yurtdışında","70.000–99.999","Hibrit",3,3,2,1,3,5,4,4,2,2,"3.0","5 (En az önemli)","2.0","4.0","1 (En önemli)"
2025-11-04 11:00:36.483,"Türkçe -Turkish","Makina Mühendisliği","Hayır","3. sınıf","21–23","Erkek","2.01–2.5","Hayır",4,4,3,"Hiçbir zaman","Nadiren aktifim","Tam zamanlı işe başlamak",NA,NA,NA,NA,5,"Evet",NA,NA,NA,NA,"Türkiye’de – yerel firma","70.000–99.999","Ofiste",4,2,4,2,5,5,4,3,3,4,"3.0","4.0","5 (En az önemli)","2.0","1 (En önemli)"
2025-11-04 11:01:16.316,"Türkçe -Turkish","Kimya","Hayır","3. sınıf","21–23","Kadın","3.01–3.5","Hayır",4,4,3,"Nadiren","Ara sıra aktifim","Yüksek lisans veya doktora yapmak",NA,NA,NA,NA,NA,NA,"Yurtdışında deneyim kazanmak","Üniversitenin itibarı",NA,NA,"Yurtdışında","50.000–69.999","Ofiste",3,3,2,2,2,5,4,4,3,2,"5 (En az önemli)","3.0","4.0","2.0","1 (En önemli)"
2025-11-04 11:56:57.711,"Türkçe -Turkish","Uluslararası İlişkiler","Hayır","4. sınıf","21–23","Erkek","2.51–3.0","Hayır",3,4,3,"Ara sıra","Ara sıra aktifim","Tam zamanlı işe başlamak",NA,NA,NA,NA,3,"Muhtemelen hayır",NA,NA,NA,NA,"Türkiye’de – uluslararası firma","30.000–49.999","Hibrit",3,3,3,4,5,4,4,3,4,2,"1 (En önemli)","3.0","4.0","5 (En az önemli)","2.0"
2025-11-04 12:04:14.582,"Türkçe -Turkish","İngilizce Öğretmenliği","Hayır","3. sınıf","21–23","Erkek","2.01–2.5","Hayır",1,1,5,"Nadiren","Ara sıra aktifim","Yüksek lisans veya doktora yapmak",NA,NA,NA,NA,NA,NA,"Akademik kariyer hedefi (araştırma / öğretim üyesi olmak)","Üniversitenin itibarı",NA,NA,"Yurtdışında","100.000+","Tamamen uzaktan",5,1,3,5,5,5,5,5,1,4,"3.0","5 (En az önemli)","1 (En önemli)","4.0","2.0"
2025-11-04 12:15:58.34,"Türkçe -Turkish","Havacılık ve Uzay Mühendisliği","Hayır","3. sınıf","21–23","Erkek","2.01–2.5","Hayır",3,2,4,"Nadiren","Nadiren aktifim","Tam zamanlı işe başlamak",NA,NA,NA,NA,4,"Muhtemelen evet",NA,NA,NA,NA,"Türkiye’de – yerel firma","70.000–99.999","Hibrit",4,2,1,1,4,3,4,2,2,3,"1 (En önemli)","2.0","5 (En az önemli)","4.0","3.0"
2025-11-04 12:16:57.5,"Türkçe -Turkish","Matematik","Hayır","3. sınıf","21–23","Kadın","2.51–3.0","Hayır",2,2,2,"Hiçbir zaman","Nadiren aktifim","Yüksek lisans veya doktora yapmak",NA,NA,NA,NA,NA,NA,"İş piyasasında rekabet avantajı elde etmek","Üniversitenin itibarı",NA,NA,"Yurtdışında","30.000–49.999","Hibrit",3,2,2,4,3,5,4,4,4,4,"5 (En az önemli)","4.0","2.0","3.0","1 (En önemli)"
2025-11-04 12:17:42.126,"Türkçe -Turkish","Havacılık ve Uzay Mühendisliği","Hayır","3. sınıf","21–23","Erkek","3.01–3.5","Hayır",1,2,4,"Hiçbir zaman","Nadiren aktifim","Yüksek lisans veya doktora yapmak",NA,NA,NA,NA,NA,NA,"Yurtdışında deneyim kazanmak","Üniversitenin itibarı",NA,NA,"Yurtdışında","70.000–99.999","Hibrit",3,3,2,4,3,5,3,5,1,2,"4.0","3.0","2.0","1 (En önemli)","5 (En az önemli)"
2025-11-04 12:18:30.783,"Türkçe -Turkish","Matematik","Evet, çift anadal yapıyorum","2. sınıf","18–20","Erkek","3.51–4.0","Hayır",3,4,5,"Ara sıra","Nadiren aktifim","Yüksek lisans veya doktora yapmak",NA,NA,NA,NA,NA,NA,"Akademik kariyer hedefi (araştırma / öğretim üyesi olmak)","Üniversitenin itibarı",NA,NA,"Yurtdışında","30.000–49.999","Hibrit",3,3,2,2,5,5,5,5,4,3,"1 (En önemli)","3.0","5 (En az önemli)","4.0","2.0"
2025-11-04 12:19:19.856,"Türkçe -Turkish","Matematik","Hayır","2. sınıf","21–23","Erkek","2.01–2.5","Hayır",1,2,3,"Nadiren","Ara sıra aktifim","Tam zamanlı işe başlamak",NA,NA,NA,NA,5,"Evet",NA,NA,NA,NA,"Yurtdışında","70.000–99.999","Ofiste",5,2,3,1,3,5,4,3,4,2,"1 (En önemli)","3.0","4.0","2.0","5 (En az önemli)"
2025-11-04 12:21:09.461,"Türkçe -Turkish","İstatistik","Hayır","1. sınıf","18–20","Kadın","3.51–4.0","Hayır",4,4,5,"Ara sıra","Sık aktifim","Tam zamanlı işe başlamak",NA,NA,NA,NA,5,"Muhtemelen evet",NA,NA,NA,NA,"Türkiye’de – uluslararası firma","Belirtmek istemiyorum","Tamamen uzaktan",5,3,1,2,5,5,4,4,1,3,"3.0","4.0","2.0","5 (En az önemli)","1 (En önemli)"
2025-11-04 12:27:29.466,"Türkçe -Turkish","Yabancı Diller Eğitimi","Hayır","Mezun, ilgili alanda yüksek lisans","21–23","Erkek","3.01–3.5","Hayır",2,3,1,"Nadiren","Nadiren aktifim","Yüksek lisans veya doktora yapmak",NA,NA,NA,NA,NA,NA,"Alanımı derinlemesine öğrenmek","Üniversitenin itibarı",NA,NA,"Kendi işimde","30.000–49.999","Ofiste",4,3,1,3,4,2,5,5,3,5,"2.0","5 (En az önemli)","4.0","1 (En önemli)","3.0"
2025-11-04 12:40:37.155,"Türkçe -Turkish","İngilizce Öğretmenliği","Hayır","3. sınıf","21–23","Kadın","3.51–4.0","Evet, yarı zamanlı",4,3,5,"Nadiren","Hiç aktif değilim","Kendi işimi kurmak",NA,NA,"Kişisel birikimlerimle","Eğitim / Öğretim",NA,NA,NA,NA,NA,NA,"Kendi işimde","70.000–99.999","Hibrit",4,1,3,1,4,4,4,3,2,2,"3.0","4.0","1 (En önemli)","2.0","5 (En az önemli)"
2025-11-04 12:47:19.872,"Türkçe -Turkish","İstatistik","Hayır","4. sınıf","21–23","Erkek","2.01–2.5","Evet, yarı zamanlı",1,1,3,"Hiçbir zaman","Nadiren aktifim","Tam zamanlı işe başlamak",NA,NA,NA,NA,5,"Evet",NA,NA,NA,NA,"Bilmiyorum","50.000–69.999","Hibrit",3,4,1,2,4,4,3,3,4,2,"5 (En az önemli)","4.0","2.0","1 (En önemli)","3.0"
2025-11-04 12:53:14.574,"Türkçe -Turkish","Havacılık ve Uzay Mühendisliği","Hayır","3. sınıf","21–23","Erkek","3.51–4.0","Hayır",2,2,4,"Ara sıra","Nadiren aktifim","Yüksek lisans veya doktora yapmak",NA,NA,NA,NA,NA,NA,"İş piyasasında rekabet avantajı elde etmek","Üniversitenin itibarı",NA,NA,"Türkiye’de – uluslararası firma","50.000–69.999","Ofiste",2,5,1,2,4,5,3,5,5,3,"4.0","3.0","2.0","5 (En az önemli)","1 (En önemli)"
2025-11-04 12:57:32.912,"Türkçe -Turkish","Siyaset Bilimi ve Kamu Yönetimi","Hayır","3. sınıf","21–23","Erkek","3.01–3.5","Hayır",5,2,5,"Nadiren","Hiç aktif değilim","Yüksek lisans veya doktora yapmak",NA,NA,NA,NA,NA,NA,"Alanımı derinlemesine öğrenmek","Üniversitenin itibarı",NA,NA,"Türkiye’de – uluslararası firma","30.000–49.999","Hibrit",4,5,2,2,1,5,4,4,5,3,"3.0","4.0","2.0","1 (En önemli)","5 (En az önemli)"
2025-11-04 13:00:52.148,"Türkçe -Turkish","İstatistik","Hayır","3. sınıf","21–23","Erkek","2.01–2.5","Hayır",3,4,5,"Ara sıra","Nadiren aktifim","Tam zamanlı işe başlamak",NA,NA,NA,NA,4,"Muhtemelen evet",NA,NA,NA,NA,"Türkiye’de – uluslararası firma","50.000–69.999","Hibrit",4,2,4,3,5,5,3,2,3,3,"2.0","3.0","5 (En az önemli)","4.0","1 (En önemli)"
2025-11-04 13:36:28.141,"Türkçe -Turkish","Makina Mühendisliği","Hayır","1. sınıf","18–20","Erkek","0–2.0","Hayır",2,4,1,"Nadiren","Hiç aktif değilim","Yüksek lisans veya doktora yapmak",NA,NA,NA,NA,NA,NA,"İş piyasasında rekabet avantajı elde etmek","Üniversitenin itibarı",NA,NA,"Yurtdışında","70.000–99.999","Hibrit",4,4,2,1,3,5,5,4,4,4,"5 (En az önemli)","4.0","1 (En önemli)","3.0","2.0"
2025-11-04 14:41:34.058,"Türkçe -Turkish","Elektrik ve Elektronik Mühendisliği","Hayır","2. sınıf","18–20","Erkek","2.01–2.5","Hayır",1,4,1,"Hiçbir zaman","Hiç aktif değilim","Tam zamanlı işe başlamak",NA,NA,NA,NA,4,"Emin değilim",NA,NA,NA,NA,"Türkiye’de – uluslararası firma","30.000–49.999","Hibrit",2,2,2,4,2,5,3,3,3,2,"3.0","5 (En az önemli)","4.0","2.0","1 (En önemli)"
2025-11-04 14:47:08.88,"Türkçe -Turkish","İktisat","Hayır","3. sınıf","21–23","Kadın","3.51–4.0","Hayır",3,4,5,"Ara sıra","Ara sıra aktifim","Tam zamanlı işe başlamak",NA,NA,NA,NA,4,"Muhtemelen evet",NA,NA,NA,NA,"Türkiye’de – uluslararası firma","50.000–69.999","Ofiste",5,3,2,1,1,5,2,1,4,4,"4.0","1 (En önemli)","2.0","3.0","5 (En az önemli)"
2025-11-04 14:48:11.231,"Türkçe -Turkish","Kimya Mühendisliği","Evet, çift anadal yapıyorum","3. sınıf","21–23","Kadın","3.01–3.5","Hayır",4,3,5,"Nadiren","Sık aktifim","Yüksek lisans veya doktora yapmak",NA,NA,NA,NA,NA,NA,"Yurtdışında deneyim kazanmak","Üniversitenin itibarı",NA,NA,"Bilmiyorum","70.000–99.999","Hibrit",3,4,3,1,5,4,4,2,2,3,"1 (En önemli)","2.0","5 (En az önemli)","4.0","3.0"
2025-11-04 15:07:43.882,"Türkçe -Turkish","Makina Mühendisliği","Hayır","3. sınıf","21–23","Kadın","2.01–2.5","Hayır",1,1,3,"Nadiren","Hiç aktif değilim","Tam zamanlı işe başlamak",NA,NA,NA,NA,2,"Evet",NA,NA,NA,NA,"Yurtdışında","50.000–69.999","Hibrit",3,5,1,2,5,5,5,4,2,2,"1 (En önemli)","2.0","4.0","3.0","5 (En az önemli)"
2025-11-04 15:11:27.434,"Türkçe -Turkish","İstatistik","Hayır","4. sınıf","24 ve üzeri","Kadın","2.51–3.0","Hayır",3,4,4,"Ara sıra","Ara sıra aktifim","Tam zamanlı işe başlamak",NA,NA,NA,NA,4,"Evet",NA,NA,NA,NA,"Türkiye’de – uluslararası firma","50.000–69.999","Hibrit",3,3,3,1,5,5,4,4,5,3,"4.0","5 (En az önemli)","1 (En önemli)","3.0","2.0"
2025-11-04 15:14:11.243,"Türkçe -Turkish","Makina Mühendisliği","Hayır","3. sınıf","21–23","Erkek","0–2.0","Hayır",4,3,4,"Ara sıra","Ara sıra aktifim","Yüksek lisans veya doktora yapmak",NA,NA,NA,NA,NA,NA,"Alanımı derinlemesine öğrenmek","Üniversitenin itibarı",NA,NA,"Yurtdışında","50.000–69.999","Hibrit",2,5,1,1,4,5,4,5,3,1,"2.0","3.0","1 (En önemli)","5 (En az önemli)","4.0"
2025-11-04 15:26:27.189,"Türkçe -Turkish","İstatistik","Hayır","3. sınıf","24 ve üzeri","Erkek","2.01–2.5","Evet, yarı zamanlı",3,3,4,"Nadiren","Ara sıra aktifim","Kendi işimi kurmak",NA,NA,"Yatırımcılar veya girişim sermayesiyle","Teknoloji / Yazılım",NA,NA,NA,NA,NA,NA,"Kendi işimde","50.000–69.999","Tamamen uzaktan",1,3,1,2,5,5,4,5,2,1,"2.0","3.0","5 (En az önemli)","4.0","1 (En önemli)"
2025-11-04 15:44:43.156,"Türkçe -Turkish","Uluslararası İlişkiler","Evet, yandal yapıyorum","4. sınıf","21–23","Kadın","3.01–3.5","Hayır",3,1,3,"Nadiren","Nadiren aktifim","Yüksek lisans veya doktora yapmak",NA,NA,NA,NA,NA,NA,"Yurtdışında deneyim kazanmak","Burs / finansal destek olanakları",NA,NA,"Türkiye’de – yerel firma","30.000–49.999","Hibrit",5,2,1,1,4,2,5,3,1,3,"3.0","1 (En önemli)","2.0","4.0","5 (En az önemli)"
2025-11-04 15:50:00.089,"Türkçe -Turkish","Kimya Mühendisliği","Hayır","2. sınıf","21–23","Erkek","2.01–2.5","Hayır",4,2,5,"Sık sık","Ara sıra aktifim","Yüksek lisans veya doktora yapmak",NA,NA,NA,NA,NA,NA,"Yurtdışında deneyim kazanmak","Konum (ülke / şehir)",NA,NA,"Türkiye’de – uluslararası firma","70.000–99.999","Ofiste",5,5,1,2,1,5,5,3,5,5,"3.0","1 (En önemli)","5 (En az önemli)","2.0","4.0"
2025-11-04 15:54:47.128,"Türkçe -Turkish","Gıda Mühendisliği","Hayır","4. sınıf","21–23","Kadın","2.01–2.5","Hayır",4,5,5,"Çok sık","Çok aktifim","Yüksek lisans veya doktora yapmak",NA,NA,NA,NA,NA,NA,"Yurtdışında deneyim kazanmak","Üniversitenin itibarı",NA,NA,"Yurtdışında","50.000–69.999","Hibrit",2,2,1,3,4,5,2,4,4,4,"1 (En önemli)","2.0","4.0","3.0","5 (En az önemli)"
2025-11-04 15:54:59.157,"Türkçe -Turkish","Petrol ve Doğal Gaz Mühendisliği","Hayır","2. sınıf","21–23","Erkek","2.51–3.0","Hayır",3,2,5,"Hiçbir zaman","Hiç aktif değilim","Tam zamanlı işe başlamak",NA,NA,NA,NA,5,"Evet",NA,NA,NA,NA,"Yurtdışında","100.000+","Hibrit",4,2,4,1,3,5,4,3,3,2,"5 (En az önemli)","2.0","1 (En önemli)","3.0","4.0"
2025-11-04 15:58:01.574,"Türkçe -Turkish","İnşaat Mühendisliği","Hayır","1. sınıf","18–20","Kadın","3.01–3.5","Hayır",4,2,4,"Ara sıra","Ara sıra aktifim","Tam zamanlı işe başlamak",NA,NA,NA,NA,5,"Evet",NA,NA,NA,NA,"Türkiye’de – uluslararası firma","30.000–49.999","Ofiste",4,2,3,2,5,5,3,3,4,2,"4.0","5 (En az önemli)","1 (En önemli)","3.0","2.0"
2025-11-04 16:02:11.089,"Türkçe -Turkish","İstatistik","Hayır","2. sınıf","21–23","Kadın","2.51–3.0","Evet, stajyer olarak",1,1,5,"Hiçbir zaman","Nadiren aktifim","Evlenmek",NA,NA,NA,NA,NA,NA,NA,NA,5,"Mezuniyetin hemen ardından","Bilmiyorum","100.000+","Tamamen uzaktan",3,1,1,3,5,1,5,5,2,3,"1 (En önemli)","4.0","5 (En az önemli)","3.0","2.0"
2025-11-04 16:07:07.855,"Türkçe -Turkish","İktisat","Hayır","4. sınıf","24 ve üzeri","Kadın","3.01–3.5","Hayır",3,3,1,"Ara sıra","Ara sıra aktifim","Yüksek lisans veya doktora yapmak",NA,NA,NA,NA,NA,NA,"Akademik kariyer hedefi (araştırma / öğretim üyesi olmak)","Üniversitenin itibarı",NA,NA,"Türkiye’de – yerel firma","100.000+","Hibrit",4,1,1,3,3,3,1,1,3,3,"1 (En önemli)","3.0","4.0","5 (En az önemli)","2.0"
2025-11-04 16:07:18.012,"Türkçe -Turkish","İktisat","Hayır","4. sınıf","24 ve üzeri","Kadın","3.01–3.5","Hayır",3,3,1,"Ara sıra","Ara sıra aktifim","Yüksek lisans veya doktora yapmak",NA,NA,NA,NA,NA,NA,"Akademik kariyer hedefi (araştırma / öğretim üyesi olmak)","Üniversitenin itibarı",NA,NA,"Türkiye’de – yerel firma","100.000+","Hibrit",4,1,1,3,3,3,1,1,3,3,"1 (En önemli)","3.0","4.0","5 (En az önemli)","2.0"
2025-11-04 16:32:38.206,"Türkçe -Turkish","Bilgisayar Mühendisliği","Hayır","2. sınıf","18–20","Erkek","3.01–3.5","Evet, stajyer olarak",3,5,4,"Nadiren","Çok aktifim","Tam zamanlı işe başlamak",NA,NA,NA,NA,5,"Evet",NA,NA,NA,NA,"Yurtdışında","100.000+","Hibrit",3,3,2,1,2,5,4,3,2,1,"1 (En önemli)","2.0","3.0","4.0","5 (En az önemli)"
2025-11-04 16:46:06.521,"Türkçe -Turkish","Elektrik ve Elektronik Mühendisliği","Hayır","2. sınıf","21–23","Erkek","3.01–3.5","Hayır",1,2,3,"Nadiren","Ara sıra aktifim","Tam zamanlı işe başlamak",NA,NA,NA,NA,2,"Evet",NA,NA,NA,NA,"Yurtdışında","50.000–69.999","Hibrit",1,4,2,3,5,5,5,5,4,4,"1 (En önemli)","5 (En az önemli)","4.0","3.0","2.0"
2025-11-04 16:59:04.763,"Türkçe -Turkish","Petrol ve Doğal Gaz Mühendisliği","Hayır","1. sınıf","21–23","Erkek","0–2.0","Hayır",3,2,4,"Nadiren","Sık aktifim","Yüksek lisans veya doktora yapmak",NA,NA,NA,NA,NA,NA,"Alanımı derinlemesine öğrenmek","Üniversitenin itibarı",NA,NA,"Yurtdışında","100.000+","Hibrit",4,3,3,1,2,5,4,3,2,2,"3.0","2.0","5 (En az önemli)","4.0","1 (En önemli)"
2025-11-04 17:04:25.74,"Türkçe -Turkish","Elektrik ve Elektronik Mühendisliği","Hayır","3. sınıf","21–23","Kadın","2.01–2.5","Hayır",3,2,5,"Sık sık","Sık aktifim","Tam zamanlı işe başlamak",NA,NA,NA,NA,5,"Evet",NA,NA,NA,NA,"Türkiye’de – yerel firma","70.000–99.999","Ofiste",3,5,3,1,3,5,5,4,4,2,"1 (En önemli)","3.0","2.0","4.0","5 (En az önemli)"
2025-11-04 17:43:07.599,"Türkçe -Turkish","Çevre Mühendisliği","Hayır","1. sınıf","21–23","Erkek","2.01–2.5","Hayır",2,3,5,"Ara sıra","Sık aktifim","Yüksek lisans veya doktora yapmak",NA,NA,NA,NA,NA,NA,"Alanımı derinlemesine öğrenmek","Üniversitenin itibarı",NA,NA,"Bilmiyorum","30.000–49.999","Hibrit",3,5,2,3,1,5,4,5,4,3,"1 (En önemli)","2.0","4.0","5 (En az önemli)","3.0"
2025-11-04 17:54:33.799,"Türkçe -Turkish","Makina Mühendisliği","Hayır","1. sınıf","18–20","Erkek","3.01–3.5","Hayır",4,4,5,"Nadiren","Hiç aktif değilim","Tam zamanlı işe başlamak",NA,NA,NA,NA,5,"Evet",NA,NA,NA,NA,"Türkiye’de – uluslararası firma","70.000–99.999","Ofiste",5,4,4,2,2,5,5,3,5,3,"1 (En önemli)","2.0","5 (En az önemli)","3.0","4.0"
2025-11-04 18:27:44.071,"Türkçe -Turkish","Kimya Mühendisliği","Hayır","2. sınıf","18–20","Kadın","2.01–2.5","Hayır",2,1,3,"Hiçbir zaman","Hiç aktif değilim","Tam zamanlı işe başlamak",NA,NA,NA,NA,5,"Muhtemelen evet",NA,NA,NA,NA,"Türkiye’de – uluslararası firma","30.000–49.999","Hibrit",5,1,1,2,3,1,4,1,3,3,"3.0","1 (En önemli)","5 (En az önemli)","2.0","4.0"
2025-11-04 19:24:33.582,"Türkçe -Turkish","İktisat","Hayır","2. sınıf","21–23","Kadın","0–2.0","Evet, yarı zamanlı",1,2,4,"Ara sıra","Nadiren aktifim","Kendi işimi kurmak",NA,NA,"Aile veya arkadaş desteğiyle","Yaratıcı Endüstriler (Medya, Tasarım, Pazarlama)",NA,NA,NA,NA,NA,NA,"Kendi işimde","50.000–69.999","Hibrit",5,3,2,5,5,5,5,5,5,2,"1 (En önemli)","2.0","5 (En az önemli)","4.0","3.0"
2025-11-04 19:24:48.962,"Türkçe -Turkish","Elektrik ve Elektronik Mühendisliği","Hayır","1. sınıf","18–20","Erkek","0–2.0","Hayır",3,4,2,"Ara sıra","Sık aktifim","Yüksek lisans veya doktora yapmak",NA,NA,NA,NA,NA,NA,"Akademik kariyer hedefi (araştırma / öğretim üyesi olmak)","Üniversitenin itibarı",NA,NA,"Yurtdışında","Belirtmek istemiyorum","Ofiste",2,4,1,2,1,5,3,5,3,1,"1 (En önemli)","4.0","3.0","2.0","5 (En az önemli)"
2025-11-04 19:32:31.51,"Türkçe -Turkish","Metalurji ve Malzeme Mühendisliği","Hayır","3. sınıf","21–23","Erkek","2.51–3.0","Hayır",1,1,5,"Ara sıra","Çok aktifim","Yüksek lisans veya doktora yapmak",NA,NA,NA,NA,NA,NA,"İş piyasasında rekabet avantajı elde etmek","Üniversitenin itibarı",NA,NA,"Bilmiyorum","50.000–69.999","Hibrit",4,5,3,2,3,5,5,4,1,2,"1 (En önemli)","2.0","4.0","5 (En az önemli)","3.0"
2025-11-04 19:39:58.662,"Türkçe -Turkish","Elektrik ve Elektronik Mühendisliği","Hayır","3. sınıf","21–23","Erkek","2.51–3.0","Hayır",3,1,5,"Nadiren","Nadiren aktifim","Tam zamanlı işe başlamak",NA,NA,NA,NA,5,"Muhtemelen evet",NA,NA,NA,NA,"Bilmiyorum","100.000+","Ofiste",4,4,3,2,3,5,3,4,3,2,"3.0","1 (En önemli)","5 (En az önemli)","4.0","2.0"
2025-11-04 19:54:00.913,"Türkçe -Turkish","İstatistik","Hayır","3. sınıf","18–20","Kadın","2.51–3.0","Hayır",3,3,4,"Ara sıra","Nadiren aktifim","Yüksek lisans veya doktora yapmak",NA,NA,NA,NA,NA,NA,"İş piyasasında rekabet avantajı elde etmek","İş olanakları",NA,NA,"Yurtdışında","70.000–99.999","Ofiste",4,2,3,2,4,5,3,2,3,2,"1 (En önemli)","4.0","2.0","3.0","5 (En az önemli)"
2025-11-04 21:10:51.275,"Türkçe -Turkish","Tarih","Evet, yandal yapıyorum","2. sınıf","18–20","Erkek","3.51–4.0","Hayır",2,1,5,"Nadiren","Nadiren aktifim","Yüksek lisans veya doktora yapmak",NA,NA,NA,NA,NA,NA,"Akademik kariyer hedefi (araştırma / öğretim üyesi olmak)","Ankara + İngilizce eğitim",NA,NA,"Bilmiyorum","<30.000","Ofiste",3,3,1,2,1,4,5,5,3,5,"1 (En önemli)","5 (En az önemli)","3.0","4.0","2.0"
2025-11-04 22:05:45.098,"Türkçe -Turkish","Metalurji ve Malzeme Mühendisliği","Hayır","3. sınıf","21–23","Kadın","2.51–3.0","Hayır",2,2,3,"Ara sıra","Ara sıra aktifim","Yüksek lisans veya doktora yapmak",NA,NA,NA,NA,NA,NA,"Yurtdışında deneyim kazanmak","Üniversitenin itibarı",NA,NA,"Yurtdışında","50.000–69.999","Hibrit",4,4,1,2,3,5,2,2,4,3,"3.0","1 (En önemli)","5 (En az önemli)","4.0","2.0"
2025-11-04 23:38:11.165,"Türkçe -Turkish","İstatistik","Hayır","1. sınıf","18–20","Kadın","3.51–4.0","Hayır",3,3,4,"Nadiren","Nadiren aktifim","Yüksek lisans veya doktora yapmak",NA,NA,NA,NA,NA,NA,"İş piyasasında rekabet avantajı elde etmek","Üniversitenin itibarı",NA,NA,"Türkiye’de – uluslararası firma","70.000–99.999","Hibrit",4,2,1,2,5,5,5,3,2,3,"2.0","5 (En az önemli)","4.0","1 (En önemli)","3.0"
2025-11-04 23:53:11.47,"Türkçe -Turkish","İstatistik","Hayır","3. sınıf","21–23","Kadın","2.51–3.0","Evet, yarı zamanlı",3,3,4,"Ara sıra","Sık aktifim","Yüksek lisans veya doktora yapmak",NA,NA,NA,NA,NA,NA,"Yurtdışında deneyim kazanmak","İş olanakları",NA,NA,"Türkiye’de – uluslararası firma","50.000–69.999","Hibrit",3,4,2,1,2,4,3,2,3,2,"2.0","1 (En önemli)","5 (En az önemli)","4.0","3.0"
2025-11-05 03:44:52.699,"Türkçe -Turkish","Makina Mühendisliği","Hayır","2. sınıf","21–23","Erkek","2.01–2.5","Hayır",4,4,4,"Ara sıra","Hiç aktif değilim","Yüksek lisans veya doktora yapmak",NA,NA,NA,NA,NA,NA,"Yurtdışında deneyim kazanmak","Üniversitenin itibarı",NA,NA,"Yurtdışında","70.000–99.999","Ofiste",4,4,2,1,2,5,2,2,2,3,"4.0","1 (En önemli)","5 (En az önemli)","2.0","3.0"
2025-11-05 12:10:03.758,"Türkçe -Turkish","İktisat","Hayır","1. sınıf","18–20","Erkek","3.01–3.5","Hayır",4,5,5,"Ara sıra","Ara sıra aktifim","Yüksek lisans veya doktora yapmak",NA,NA,NA,NA,NA,NA,"Yurtdışında deneyim kazanmak","Üniversitenin itibarı",NA,NA,"Yurtdışında","30.000–49.999","Hibrit",5,3,1,1,4,5,5,3,3,2,"5 (En az önemli)","3.0","1 (En önemli)","2.0","4.0"
2025-11-05 13:09:40.251,"Türkçe -Turkish","Metalurji ve Malzeme Mühendisliği","Evet, yandal yapıyorum","4. sınıf","24 ve üzeri","Erkek","3.51–4.0","Evet, stajyer olarak",1,4,3,"Ara sıra","Çok aktifim","Yüksek lisans veya doktora yapmak",NA,NA,NA,NA,NA,NA,"Akademik kariyer hedefi (araştırma / öğretim üyesi olmak)","Konum (ülke / şehir)",NA,NA,"Yurtdışında","50.000–69.999","Tamamen uzaktan",5,5,1,5,5,5,2,5,3,5,"3.0","1 (En önemli)","2.0","4.0","5 (En az önemli)"
2025-11-05 13:18:54.901,"Türkçe -Turkish","İnşaat Mühendisliği","Hayır","1. sınıf","18–20","Erkek","2.01–2.5","Hayır",4,4,5,"Ara sıra","Ara sıra aktifim","Yüksek lisans veya doktora yapmak",NA,NA,NA,NA,NA,NA,"İş piyasasında rekabet avantajı elde etmek","Üniversitenin itibarı",NA,NA,"Yurtdışında","70.000–99.999","Ofiste",4,3,5,1,2,5,4,2,3,3,"2.0","1 (En önemli)","4.0","3.0","5 (En az önemli)"
2025-11-05 13:24:23.655,"Türkçe -Turkish","Uluslararası İlişkiler","Hayır","4. sınıf","21–23","Erkek","3.51–4.0","Evet, yarı zamanlı",1,1,1,"Ara sıra","Çok aktifim","Tam zamanlı işe başlamak",NA,NA,NA,NA,3,"Muhtemelen hayır",NA,NA,NA,NA,"Bilmiyorum","30.000–49.999","Hibrit",2,4,1,4,5,5,3,3,5,5,"1 (En önemli)","2.0","5 (En az önemli)","4.0","3.0"
2025-11-05 13:46:08.547,"Türkçe -Turkish","Kimya Mühendisliği","Hayır","3. sınıf","21–23","Erkek","0–2.0","Hayır",3,3,4,"Nadiren","Ara sıra aktifim","Tam zamanlı işe başlamak",NA,NA,NA,NA,5,"Evet",NA,NA,NA,NA,"Türkiye’de – uluslararası firma","70.000–99.999","Ofiste",4,2,5,1,2,3,3,3,2,3,"5 (En az önemli)","3.0","2.0","4.0","1 (En önemli)"
2025-11-05 13:51:32.273,"Türkçe -Turkish","Uluslararası İlişkiler","Hayır","2. sınıf","18–20","Kadın","3.51–4.0","Hayır",3,3,4,"Ara sıra","Ara sıra aktifim","Yüksek lisans veya doktora yapmak",NA,NA,NA,NA,NA,NA,"Yurtdışında deneyim kazanmak","İş olanakları",NA,NA,"Türkiye’de – uluslararası firma","30.000–49.999","Hibrit",4,5,1,4,3,4,3,4,5,5,"3.0","1 (En önemli)","2.0","4.0","5 (En az önemli)"
2025-11-05 14:10:29.484,"Türkçe -Turkish","Elektrik ve Elektronik Mühendisliği","Hayır","1. sınıf","18–20","Erkek","3.51–4.0","Hayır",4,5,5,"Ara sıra","Ara sıra aktifim","Yüksek lisans veya doktora yapmak",NA,NA,NA,NA,NA,NA,"Alanımı derinlemesine öğrenmek","Üniversitenin itibarı",NA,NA,"Yurtdışında","100.000+","Hibrit",4,3,4,1,4,5,3,2,1,1,"1 (En önemli)","2.0","5 (En az önemli)","4.0","3.0"
2025-11-05 14:24:38.416,"Türkçe -Turkish","İstatistik","Hayır","1. sınıf","18–20","Erkek","3.51–4.0","Hayır",3,3,4,"Ara sıra","Nadiren aktifim","Yüksek lisans veya doktora yapmak",NA,NA,NA,NA,NA,NA,"Akademik kariyer hedefi (araştırma / öğretim üyesi olmak)","Üniversitenin itibarı",NA,NA,"Türkiye’de – uluslararası firma","50.000–69.999","Hibrit",4,4,2,1,2,4,5,4,3,4,"3.0","4.0","5 (En az önemli)","1 (En önemli)","2.0"
2025-11-05 14:47:05.925,"Türkçe -Turkish","Matematik","Hayır","1. sınıf","18–20","Erkek","3.01–3.5","Evet, yarı zamanlı",3,2,4,"Nadiren","Sık aktifim","Yüksek lisans veya doktora yapmak",NA,NA,NA,NA,NA,NA,"Akademik kariyer hedefi (araştırma / öğretim üyesi olmak)","Üniversitenin itibarı",NA,NA,"Yurtdışında","50.000–69.999","Ofiste",2,3,1,2,3,4,4,5,3,2,"2.0","5 (En az önemli)","3.0","4.0","1 (En önemli)"
2025-11-05 14:59:48.76,"Türkçe -Turkish","Mimarlık","Hayır","4. sınıf","24 ve üzeri","Erkek","2.01–2.5","Evet, stajyer olarak",4,4,4,"Nadiren","Nadiren aktifim","Ara yıl (gap year) vermek",4,"Staj / iş deneyimi",NA,NA,NA,NA,NA,NA,NA,NA,"Türkiye’de – uluslararası firma","50.000–69.999","Hibrit",4,3,2,3,3,4,5,4,3,3,"1 (En önemli)","2.0","5 (En az önemli)","4.0","3.0"
2025-11-05 15:08:28.849,"Türkçe -Turkish","Maden Mühendisliği","Hayır","2. sınıf","21–23","Erkek","0–2.0","Evet, yarı zamanlı",3,1,2,"Nadiren","Ara sıra aktifim","Tam zamanlı işe başlamak",NA,NA,NA,NA,4,"Evet",NA,NA,NA,NA,"Yurtdışında","50.000–69.999","Ofiste",4,4,2,1,2,5,5,3,2,4,"5 (En az önemli)","4.0","1 (En önemli)","2.0","3.0"
2025-11-05 15:27:58.349,"Türkçe -Turkish","İnşaat Mühendisliği","Hayır","4. sınıf","21–23","Erkek","3.01–3.5","Hayır",2,4,4,"Ara sıra","Sık aktifim","Yüksek lisans veya doktora yapmak",NA,NA,NA,NA,NA,NA,"Akademik kariyer hedefi (araştırma / öğretim üyesi olmak)","Konum (ülke / şehir)",NA,NA,"Yurtdışında","70.000–99.999","Hibrit",4,2,1,3,4,5,3,2,4,1,"4.0","2.0","5 (En az önemli)","1 (En önemli)","3.0"
2025-11-05 15:33:37.316,"Türkçe -Turkish","Fizik Eğitimi","Hayır","Hazırlık","18–20","Erkek","3.01–3.5","Hayır",3,4,4,"Ara sıra","Ara sıra aktifim","Yüksek lisans veya doktora yapmak",NA,NA,NA,NA,NA,NA,"Akademik kariyer hedefi (araştırma / öğretim üyesi olmak)","Burs / finansal destek olanakları",NA,NA,"Yurtdışında","100.000+","Ofiste",4,3,1,3,5,5,1,2,4,3,"4.0","1 (En önemli)","5 (En az önemli)","2.0","3.0"
2025-11-05 16:33:28.666,"Türkçe -Turkish","Elektrik ve Elektronik Mühendisliği","Hayır","2. sınıf","18–20","Erkek","3.01–3.5","Hayır",4,4,5,"Çok sık","Çok aktifim","Yüksek lisans veya doktora yapmak",NA,NA,NA,NA,NA,NA,"İş piyasasında rekabet avantajı elde etmek","Üniversitenin itibarı",NA,NA,"Yurtdışında","100.000+","Ofiste",5,3,3,3,2,5,5,5,4,2,"1 (En önemli)","2.0","4.0","3.0","5 (En az önemli)"
2025-11-05 16:48:02.904,"Türkçe -Turkish","İşletme","Hayır","Hazırlık","18–20","Erkek","3.51–4.0","Hayır",4,5,5,"Sık sık","Sık aktifim","Tam zamanlı işe başlamak",NA,NA,NA,NA,4,"Evet",NA,NA,NA,NA,"Türkiye’de – uluslararası firma","50.000–69.999","Hibrit",3,2,1,1,4,3,4,4,4,1,"1 (En önemli)","2.0","3.0","5 (En az önemli)","4.0"
2025-11-05 16:53:33.245,"Türkçe -Turkish","Siyaset Bilimi ve Kamu Yönetimi","Hayır","2. sınıf","18–20","Kadın","3.01–3.5","Hayır",4,5,4,"Ara sıra","Nadiren aktifim","Yüksek lisans veya doktora yapmak",NA,NA,NA,NA,NA,NA,"İş piyasasında rekabet avantajı elde etmek","İş olanakları",NA,NA,"Türkiye’de – uluslararası firma","50.000–69.999","Ofiste",2,2,3,1,4,5,5,3,3,2,"2.0","1 (En önemli)","5 (En az önemli)","3.0","4.0"
2025-11-05 16:56:37.928,"Türkçe -Turkish","Bilgisayar Mühendisliği","Hayır","4. sınıf","24 ve üzeri","Erkek","2.01–2.5","Evet, yarı zamanlı",4,1,4,"Nadiren","Hiç aktif değilim","Tam zamanlı işe başlamak",NA,NA,NA,NA,5,"Evet",NA,NA,NA,NA,"Türkiye’de – uluslararası firma","70.000–99.999","Ofiste",3,4,4,1,2,4,4,4,2,3,"2.0","1 (En önemli)","3.0","4.0","5 (En az önemli)"
2025-11-05 17:26:37.256,"Türkçe -Turkish","Maden Mühendisliği","Hayır","1. sınıf","18–20","Erkek","0–2.0","Hayır",4,3,4,"Ara sıra","Ara sıra aktifim","Yüksek lisans veya doktora yapmak",NA,NA,NA,NA,NA,NA,"İş piyasasında rekabet avantajı elde etmek","Üniversitenin itibarı",NA,NA,"Türkiye’de – uluslararası firma","50.000–69.999","Hibrit",3,4,4,2,2,5,5,4,2,3,"1 (En önemli)","2.0","5 (En az önemli)","3.0","4.0"
2025-11-05 17:30:10.772,"Türkçe -Turkish","Bilgisayar Mühendisliği","Hayır","Yüksek Lisans","24 ve üzeri","Erkek","3.51–4.0","Hayır",3,4,3,"Ara sıra","Nadiren aktifim","Tam zamanlı işe başlamak",NA,NA,NA,NA,3,"Muhtemelen evet",NA,NA,NA,NA,"Bilmiyorum","50.000–69.999","Tamamen uzaktan",4,3,1,2,4,4,5,3,2,3,"1 (En önemli)","2.0","3.0","4.0","5 (En az önemli)"
2025-11-05 17:46:05.315,"Türkçe -Turkish","İnşaat Mühendisliği","Hayır","1. sınıf","18–20","Erkek","3.51–4.0","Hayır",2,2,4,"Ara sıra","Nadiren aktifim","Yüksek lisans veya doktora yapmak",NA,NA,NA,NA,NA,NA,"Yurtdışında deneyim kazanmak","Üniversitenin itibarı",NA,NA,"Yurtdışında","70.000–99.999","Hibrit",3,5,2,2,3,4,3,3,2,4,"1 (En önemli)","2.0","5 (En az önemli)","3.0","4.0"
2025-11-05 18:04:01.163,"Türkçe -Turkish","Siyaset Bilimi ve Kamu Yönetimi","Hayır","1. sınıf","18–20","Erkek","3.01–3.5","Hayır",3,2,3,"Hiçbir zaman","Ara sıra aktifim","Tam zamanlı işe başlamak",NA,NA,NA,NA,4,"Emin değilim",NA,NA,NA,NA,"Türkiye’de – uluslararası firma","30.000–49.999","Hibrit",3,3,2,2,3,4,2,3,1,3,"5 (En az önemli)","2.0","4.0","3.0","1 (En önemli)"
2025-11-05 18:06:52.044,"Türkçe -Turkish","Bilgisayar Mühendisliği","Hayır","2. sınıf","18–20","Söylemeyi tercih etmiyorum","3.01–3.5","Hayır",4,4,4,"Ara sıra","Ara sıra aktifim","Yüksek lisans veya doktora yapmak",NA,NA,NA,NA,NA,NA,"Alanımı derinlemesine öğrenmek","Üniversitenin itibarı",NA,NA,"Yurtdışında","Belirtmek istemiyorum","Ofiste",4,3,3,2,2,4,3,2,4,2,"1 (En önemli)","2.0","4.0","3.0","5 (En az önemli)"
2025-11-05 18:10:59.426,"Türkçe -Turkish","Makina Mühendisliği","Hayır","1. sınıf","18–20","Erkek","3.51–4.0","Hayır",4,5,4,"Ara sıra","Nadiren aktifim","Yüksek lisans veya doktora yapmak",NA,NA,NA,NA,NA,NA,"Alanımı derinlemesine öğrenmek","Üniversitenin itibarı",NA,NA,"Yurtdışında","70.000–99.999","Ofiste",2,4,3,1,1,4,4,4,3,2,"1 (En önemli)","3.0","2.0","4.0","5 (En az önemli)"
2025-11-05 19:46:43.93,"Türkçe -Turkish","Fizik","Hayır","2. sınıf","21–23","Erkek","3.51–4.0","Hayır",4,3,4,"Hiçbir zaman","Hiç aktif değilim","Yüksek lisans veya doktora yapmak",NA,NA,NA,NA,NA,NA,"Akademik kariyer hedefi (araştırma / öğretim üyesi olmak)","Üniversitenin itibarı",NA,NA,"Yurtdışında","70.000–99.999","Hibrit",2,3,4,1,4,5,4,4,2,3,"1 (En önemli)","2.0","5 (En az önemli)","4.0","3.0"
2025-11-05 19:47:14.378,"Türkçe -Turkish","Havacılık ve Uzay Mühendisliği","Hayır","1. sınıf","18–20","Erkek","3.51–4.0","Hayır",4,4,5,"Sık sık","Nadiren aktifim","Tam zamanlı işe başlamak",NA,NA,NA,NA,5,"Evet",NA,NA,NA,NA,"Yurtdışında","100.000+","Ofiste",5,4,4,1,2,4,2,3,1,1,"3.0","1 (En önemli)","5 (En az önemli)","2.0","4.0"
2025-11-05 19:51:03.368,"Türkçe -Turkish","Elektrik ve Elektronik Mühendisliği","Hayır","2. sınıf","21–23","Kadın","3.01–3.5","Evet, yarı zamanlı",3,4,4,"Nadiren","Nadiren aktifim","Tam zamanlı işe başlamak",NA,NA,NA,NA,5,"Evet",NA,NA,NA,NA,"Yurtdışında","70.000–99.999","Hibrit",3,5,2,1,5,5,5,5,1,1,"3.0","4.0","1 (En önemli)","5 (En az önemli)","2.0"
2025-11-05 19:56:53.957,"Türkçe -Turkish","İstatistik","Hayır","2. sınıf","21–23","Söylemeyi tercih etmiyorum","2.51–3.0","Hayır",3,1,4,"Ara sıra","Ara sıra aktifim","Tam zamanlı işe başlamak",NA,NA,NA,NA,4,"Evet",NA,NA,NA,NA,"Bilmiyorum","Belirtmek istemiyorum","Hibrit",4,3,2,3,4,5,5,4,4,3,"1 (En önemli)","2.0","5 (En az önemli)","3.0","4.0"
2025-11-05 20:21:05.492,"Türkçe -Turkish","Makina Mühendisliği","Hayır","Hazırlık","18 yaş altı","Erkek","3.01–3.5","Hayır",3,4,3,"Nadiren","Hiç aktif değilim","Yüksek lisans veya doktora yapmak",NA,NA,NA,NA,NA,NA,"Yurtdışında deneyim kazanmak","İş olanakları",NA,NA,"Türkiye’de – uluslararası firma","70.000–99.999","Hibrit",3,2,2,1,4,4,4,3,1,2,"4.0","2.0","5 (En az önemli)","3.0","1 (En önemli)"
2025-11-05 20:25:09.558,"Türkçe -Turkish","Uluslararası İlişkiler","Hayır","Hazırlık","18–20","Kadın","2.51–3.0","Hayır",3,3,5,"Sık sık","Ara sıra aktifim","Yüksek lisans veya doktora yapmak",NA,NA,NA,NA,NA,NA,"İş piyasasında rekabet avantajı elde etmek","Üniversitenin itibarı",NA,NA,"Yurtdışında","100.000+","Hibrit",3,2,3,1,4,5,5,5,1,2,"2.0","5 (En az önemli)","4.0","1 (En önemli)","3.0"
2025-11-05 21:34:18.247,"Türkçe -Turkish","Matematik","Hayır","1. sınıf","18–20","Erkek","2.51–3.0","Hayır",3,4,4,"Ara sıra","Nadiren aktifim","Yüksek lisans veya doktora yapmak",NA,NA,NA,NA,NA,NA,"Akademik kariyer hedefi (araştırma / öğretim üyesi olmak)","Üniversitenin itibarı",NA,NA,"Bilmiyorum","50.000–69.999","Ofiste",3,2,3,2,2,5,3,4,3,2,"4.0","3.0","2.0","1 (En önemli)","5 (En az önemli)"
2025-11-05 22:01:59.595,"Türkçe -Turkish","Kimya Mühendisliği","Hayır","2. sınıf","21–23","Kadın","0–2.0","Hayır",4,3,3,"Ara sıra","Nadiren aktifim","Yüksek lisans veya doktora yapmak",NA,NA,NA,NA,NA,NA,"İş piyasasında rekabet avantajı elde etmek","Üniversitenin itibarı",NA,NA,"Yurtdışında","50.000–69.999","Ofiste",3,2,2,1,3,5,4,4,4,2,"3.0","2.0","4.0","5 (En az önemli)","1 (En önemli)"
2025-11-05 22:11:46.614,"Türkçe -Turkish","Makina Mühendisliği","Hayır","1. sınıf","18–20","Erkek","3.51–4.0","Hayır",4,5,4,"Nadiren","Nadiren aktifim","Yüksek lisans veya doktora yapmak",NA,NA,NA,NA,NA,NA,"İş piyasasında rekabet avantajı elde etmek","Üniversitenin itibarı",NA,NA,"Türkiye’de – uluslararası firma","30.000–49.999","Ofiste",3,3,4,2,2,2,3,2,4,1,"1 (En önemli)","2.0","5 (En az önemli)","3.0","4.0"
2025-11-05 22:21:44.157,"Türkçe -Turkish","Endüstri Mühendisliği","Hayır","Hazırlık","18 yaş altı","Kadın","3.01–3.5","Hayır",2,4,3,"Nadiren","Nadiren aktifim","Tam zamanlı işe başlamak",NA,NA,NA,NA,2,"Emin değilim",NA,NA,NA,NA,"Türkiye’de – yerel firma","50.000–69.999","Ofiste",2,3,3,1,4,5,5,3,3,4,"1 (En önemli)","2.0","5 (En az önemli)","4.0","3.0"
2025-11-05 23:05:30.057,"Türkçe -Turkish","Makina Mühendisliği","Hayır","4. sınıf","21–23","Erkek","2.01–2.5","Hayır",3,1,2,"Nadiren","Sık aktifim","Yüksek lisans veya doktora yapmak",NA,NA,NA,NA,NA,NA,"İş piyasasında rekabet avantajı elde etmek","Üniversitenin itibarı",NA,NA,"Yurtdışında","70.000–99.999","Hibrit",3,4,2,3,4,4,4,2,1,2,"5 (En az önemli)","2.0","1 (En önemli)","3.0","4.0"
2025-11-05 23:12:44.785,"Türkçe -Turkish","Çevre Mühendisliği","Hayır","4. sınıf","21–23","Kadın","2.51–3.0","Hayır",3,4,4,"Nadiren","Ara sıra aktifim","Yüksek lisans veya doktora yapmak",NA,NA,NA,NA,NA,NA,"Yurtdışında deneyim kazanmak","Üniversitenin itibarı",NA,NA,"Yurtdışında","50.000–69.999","Ofiste",4,2,4,1,2,5,4,3,3,3,"1 (En önemli)","2.0","4.0","3.0","5 (En az önemli)"
2025-11-05 23:43:43.609,"Türkçe -Turkish","Kimya","Hayır","2. sınıf","18–20","Kadın","2.51–3.0","Hayır",4,4,3,"Nadiren","Nadiren aktifim","Yüksek lisans veya doktora yapmak",NA,NA,NA,NA,NA,NA,"Alanımı derinlemesine öğrenmek","Üniversitenin itibarı",NA,NA,"Türkiye’de – uluslararası firma","30.000–49.999","Ofiste",4,3,3,1,3,4,5,5,3,3,"4.0","5 (En az önemli)","1 (En önemli)","2.0","3.0"
2025-11-05 23:51:22.701,"Türkçe -Turkish","Makina Mühendisliği","Hayır","1. sınıf","21–23","Non-binary","2.01–2.5","Evet, yarı zamanlı",2,5,5,"Ara sıra","Sık aktifim","Ara yıl (gap year) vermek",5,"Seyahat / kültürel değişim",NA,NA,NA,NA,NA,NA,NA,NA,"Yurtdışında","30.000–49.999","Hibrit",5,3,1,5,4,5,4,4,5,5,"3.0","2.0","5 (En az önemli)","4.0","1 (En önemli)"
2025-11-06 00:20:12.59,"Türkçe -Turkish","Bilgisayar Mühendisliği","Hayır","Hazırlık","18 yaş altı","Erkek","3.01–3.5","Hayır",4,4,3,"Hiçbir zaman","Sık aktifim","Yüksek lisans veya doktora yapmak",NA,NA,NA,NA,NA,NA,"Yurtdışında deneyim kazanmak","Burs / finansal destek olanakları",NA,NA,"Yurtdışında","70.000–99.999","Hibrit",3,5,2,1,4,5,3,2,2,2,"2.0","1 (En önemli)","5 (En az önemli)","4.0","3.0"
2025-11-06 02:02:10.417,"Türkçe -Turkish","İşletme","Hayır","1. sınıf","18–20","Kadın","3.51–4.0","Hayır",3,4,4,"Nadiren","Hiç aktif değilim","Ara yıl (gap year) vermek",3,"Yatmak",NA,NA,NA,NA,NA,NA,NA,NA,"Türkiye’de – uluslararası firma","50.000–69.999","Hibrit",5,4,2,1,5,4,5,5,1,2,"2.0","1 (En önemli)","5 (En az önemli)","3.0","4.0"
2025-11-06 09:20:55.535,"Türkçe -Turkish","Elektrik ve Elektronik Mühendisliği","Hayır","1. sınıf","18–20","Erkek","3.01–3.5","Hayır",4,5,4,"Nadiren","Nadiren aktifim","Tam zamanlı işe başlamak",NA,NA,NA,NA,5,"Evet",NA,NA,NA,NA,"Yurtdışında","70.000–99.999","Hibrit",4,2,2,1,4,5,3,3,2,1,"4.0","3.0","5 (En az önemli)","1 (En önemli)","2.0"
2025-11-06 09:42:34.521,"Türkçe -Turkish","İstatistik","Hayır","2. sınıf","21–23","Erkek","3.01–3.5","Hayır",3,3,4,"Nadiren","Hiç aktif değilim","Tam zamanlı işe başlamak",NA,NA,NA,NA,3,"Muhtemelen evet",NA,NA,NA,NA,"Kendi işimde","50.000–69.999","Hibrit",5,4,2,4,5,5,3,3,1,3,"3.0","1 (En önemli)","5 (En az önemli)","2.0","4.0"
2025-11-06 12:38:56.464,"Türkçe -Turkish","Felsefe","Hayır","1. sınıf","21–23","Kadın","2.01–2.5","Hayır",3,3,3,"Ara sıra","Hiç aktif değilim","Kendi işimi kurmak",NA,NA,"Aile veya arkadaş desteğiyle","Gıda / Turizm / Perakende",NA,NA,NA,NA,NA,NA,"Kendi işimde","100.000+","Ofiste",5,1,1,1,3,2,2,1,3,3,"3.0","2.0","4.0","5 (En az önemli)","1 (En önemli)"
2025-11-06 13:13:12.012,"Türkçe -Turkish","İstatistik","Hayır","3. sınıf","21–23","Kadın","3.01–3.5","Evet, yarı zamanlı",1,3,1,"Hiçbir zaman","Hiç aktif değilim","Tam zamanlı işe başlamak",NA,NA,NA,NA,4,"Evet",NA,NA,NA,NA,"Türkiye’de – yerel firma","50.000–69.999","Hibrit",4,3,1,4,4,5,4,2,3,4,"2.0","1 (En önemli)","5 (En az önemli)","4.0","3.0"
2025-11-06 13:19:56.329,"Türkçe -Turkish","İnşaat Mühendisliği","Hayır","2. sınıf","24 ve üzeri","Erkek","2.01–2.5","Hayır",3,4,3,"Sık sık","Sık aktifim","Ara yıl (gap year) vermek",3,"Seyahat / kültürel değişim",NA,NA,NA,NA,NA,NA,NA,NA,"Türkiye’de – uluslararası firma","70.000–99.999","Hibrit",5,4,1,2,2,5,5,5,4,2,"2.0","3.0","1 (En önemli)","5 (En az önemli)","4.0"
2025-11-06 14:28:52.385,"Türkçe -Turkish","İşletme","Hayır","1. sınıf","18–20","Kadın","2.51–3.0","Hayır",4,5,5,"Ara sıra","Çok aktifim","Tam zamanlı işe başlamak",NA,NA,NA,NA,3,"Evet",NA,NA,NA,NA,"Türkiye’de – uluslararası firma","50.000–69.999","Hibrit",4,1,2,3,3,5,3,4,5,3,"2.0","1 (En önemli)","5 (En az önemli)","4.0","3.0"
2025-11-06 18:11:06.614,"Türkçe -Turkish","İstatistik","Hayır","3. sınıf","21–23","Kadın","2.51–3.0","Hayır",2,1,4,"Ara sıra","Sık aktifim","Yüksek lisans veya doktora yapmak",NA,NA,NA,NA,NA,NA,"İş piyasasında rekabet avantajı elde etmek","Üniversitenin itibarı",NA,NA,"Yurtdışında","50.000–69.999","Hibrit",4,3,2,2,4,5,2,1,5,3,"3.0","1 (En önemli)","5 (En az önemli)","2.0","4.0"
2025-11-06 18:12:30.366,"Türkçe -Turkish","Kimya Mühendisliği","Hayır","Yüksek Lisans","21–23","Kadın","0–2.0","Hayır",3,4,4,"Ara sıra","Sık aktifim","Tam zamanlı işe başlamak",NA,NA,NA,NA,3,"Evet",NA,NA,NA,NA,"Türkiye’de – uluslararası firma","70.000–99.999","Hibrit",4,2,2,1,3,4,4,4,3,2,"1 (En önemli)","2.0","4.0","3.0","5 (En az önemli)"
2025-11-07 12:14:16.93,"Türkçe -Turkish","İstatistik","Hayır","3. sınıf","21–23","Erkek","3.01–3.5","Hayır",3,2,3,"Nadiren","Nadiren aktifim","Tam zamanlı işe başlamak",NA,NA,NA,NA,4,"Evet",NA,NA,NA,NA,"Yurtdışında","50.000–69.999","Hibrit",4,4,2,3,3,5,4,2,4,2,"3.0","2.0","5 (En az önemli)","1 (En önemli)","4.0"
2025-11-07 12:24:03.688,"Türkçe -Turkish","İstatistik","Hayır","2. sınıf","18–20","Erkek","3.01–3.5","Hayır",3,4,5,"Ara sıra","Sık aktifim","Yüksek lisans veya doktora yapmak",NA,NA,NA,NA,NA,NA,"Alanımı derinlemesine öğrenmek","İş olanakları",NA,NA,"Yurtdışında","50.000–69.999","Hibrit",4,4,2,2,3,4,4,4,2,2,"4.0","2.0","1 (En önemli)","3.0","5 (En az önemli)"
2025-11-07 13:56:15.105,"Türkçe -Turkish","İstatistik","Hayır","4. sınıf","21–23","Kadın","3.01–3.5","Evet, yarı zamanlı",4,3,5,"Sık sık","Sık aktifim","Yüksek lisans veya doktora yapmak",NA,NA,NA,NA,NA,NA,"Akademik kariyer hedefi (araştırma / öğretim üyesi olmak)","Üniversitenin itibarı",NA,NA,"Türkiye’de – uluslararası firma","70.000–99.999","Hibrit",3,3,2,2,3,4,4,2,2,1,"1 (En önemli)","2.0","5 (En az önemli)","4.0","3.0"
2025-11-07 15:23:52.313,"Türkçe -Turkish","İstatistik","Hayır","4. sınıf","21–23","Erkek","3.01–3.5","Hayır",2,2,4,"Hiçbir zaman","Ara sıra aktifim","Yüksek lisans veya doktora yapmak",NA,NA,NA,NA,NA,NA,"İş piyasasında rekabet avantajı elde etmek","Burs / finansal destek olanakları",NA,NA,"Türkiye’de – uluslararası firma","70.000–99.999","Tamamen uzaktan",2,4,4,1,5,2,4,5,3,4,"2.0","3.0","1 (En önemli)","4.0","5 (En az önemli)"
2025-11-07 16:22:46.064,"Türkçe -Turkish","İstatistik","Hayır","2. sınıf","21–23","Erkek","3.01–3.5","Hayır",3,4,5,"Ara sıra","Nadiren aktifim","Yüksek lisans veya doktora yapmak",NA,NA,NA,NA,NA,NA,"Yurtdışında deneyim kazanmak","İş olanakları",NA,NA,"Yurtdışında","50.000–69.999","Hibrit",4,3,1,3,5,5,5,5,4,2,"1 (En önemli)","2.0","4.0","3.0","5 (En az önemli)"
2025-11-07 16:54:15.439,"Türkçe -Turkish","Fizik Eğitimi","Hayır","Master","24 ve üzeri","Kadın","3.51–4.0","Evet, yarı zamanlı",4,4,4,"Çok sık","Sık aktifim","Yüksek lisans veya doktora yapmak",NA,NA,NA,NA,NA,NA,"Akademik kariyer hedefi (araştırma / öğretim üyesi olmak)","Üniversitenin itibarı",NA,NA,"Kendi işimde","70.000–99.999","Hibrit",3,5,2,5,5,2,4,3,4,1,"1 (En önemli)","3.0","2.0","4.0","5 (En az önemli)"
2025-11-07 17:11:22.065,"Türkçe -Turkish","Bilgisayar Mühendisliği","Hayır","3. sınıf","21–23","Erkek","2.51–3.0","Hayır",3,4,4,"Ara sıra","Ara sıra aktifim","Kendi işimi kurmak",NA,NA,"Kişisel birikimlerimle","Teknoloji / Yazılım",NA,NA,NA,NA,NA,NA,"Kendi işimde","100.000+","Ofiste",4,1,2,3,2,3,3,1,5,2,"4.0","1 (En önemli)","3.0","2.0","5 (En az önemli)"
2025-11-07 17:15:59.854,"Türkçe -Turkish","İstatistik","Hayır","2. sınıf","18–20","Erkek","3.51–4.0","Hayır",3,2,4,"Ara sıra","Ara sıra aktifim","Tam zamanlı işe başlamak",NA,NA,NA,NA,5,"Evet",NA,NA,NA,NA,"Türkiye’de – uluslararası firma","30.000–49.999","Hibrit",4,2,2,3,5,4,4,4,5,4,"4.0","5 (En az önemli)","1 (En önemli)","2.0","3.0"
2025-11-07 17:38:19.069,"Türkçe -Turkish","Fizik","Hayır","2. sınıf","18–20","Erkek","3.51–4.0","Hayır",2,4,1,"Hiçbir zaman","Hiç aktif değilim","Yüksek lisans veya doktora yapmak",NA,NA,NA,NA,NA,NA,"Akademik kariyer hedefi (araştırma / öğretim üyesi olmak)","Burs / finansal destek olanakları",NA,NA,"Bilmiyorum","30.000–49.999","Hibrit",3,1,1,3,3,3,4,3,2,3,"2.0","5 (En az önemli)","3.0","4.0","1 (En önemli)"
2025-11-08 14:05:18.481,"Türkçe -Turkish","Fizik","Evet, çift anadal yapıyorum","4. sınıf","21–23","Söylemeyi tercih etmiyorum","3.51–4.0","Evet, yarı zamanlı",2,2,2,"Çok sık","Çok aktifim","Ara yıl (gap year) vermek",5,"Seyahat / kültürel değişim",NA,NA,NA,NA,NA,NA,NA,NA,"Yurtdışında","100.000+","Ofiste",1,1,1,5,5,5,1,5,2,1,"4.0","3.0","1 (En önemli)","5 (En az önemli)","2.0"
2025-11-09 19:51:17.158,"Türkçe -Turkish","Elektrik ve Elektronik Mühendisliği","Hayır","2. sınıf","21–23","Kadın","3.51–4.0","Hayır",2,3,3,"Ara sıra","Ara sıra aktifim","Tam zamanlı işe başlamak",NA,NA,NA,NA,4,"Muhtemelen evet",NA,NA,NA,NA,"Yurtdışında","50.000–69.999","Hibrit",5,3,1,2,5,5,5,4,2,3,"1 (En önemli)","2.0","3.0","5 (En az önemli)","4.0"
2025-11-09 21:31:00.218,"Türkçe -Turkish","Havacılık ve Uzay Mühendisliği","Evet, çift anadal yapıyorum","3. sınıf","21–23","Erkek","3.51–4.0","Hayır",3,3,5,"Ara sıra","Ara sıra aktifim","Yüksek lisans veya doktora yapmak",NA,NA,NA,NA,NA,NA,"Alanımı derinlemesine öğrenmek","Danışman kalitesi",NA,NA,"Bilmiyorum","Belirtmek istemiyorum","Hibrit",2,5,2,2,3,5,4,4,3,3,"5 (En az önemli)","3.0","4.0","1 (En önemli)","2.0"
2025-11-10 08:34:12.93,"Türkçe -Turkish","Elektrik ve Elektronik Mühendisliği","Hayır","4. sınıf","21–23","Kadın","3.51–4.0","Hayır",4,3,5,"Ara sıra","Sık aktifim","Yüksek lisans veya doktora yapmak",NA,NA,NA,NA,NA,NA,"İş piyasasında rekabet avantajı elde etmek","Danışman kalitesi",NA,NA,"Bilmiyorum","70.000–99.999","Hibrit",4,2,4,2,3,5,3,4,3,2,"5 (En az önemli)","2.0","4.0","1 (En önemli)","3.0"
2025-11-10 08:38:30.707,"Türkçe -Turkish","Elektrik ve Elektronik Mühendisliği","Evet, çift anadal yapıyorum","5.0","21–23","Erkek","3.51–4.0","Hayır",4,4,5,"Nadiren","Nadiren aktifim","Yüksek lisans veya doktora yapmak",NA,NA,NA,NA,NA,NA,"Akademik kariyer hedefi (araştırma / öğretim üyesi olmak)","Üniversitenin itibarı",NA,NA,"Bilmiyorum","70.000–99.999","Hibrit",2,3,5,1,4,5,3,3,3,3,"1 (En önemli)","2.0","3.0","5 (En az önemli)","4.0"
2025-11-10 09:24:20.856,"Türkçe -Turkish","Fizik","Hayır","2. sınıf","18–20","Erkek","3.01–3.5","Hayır",2,3,3,"Hiçbir zaman","Nadiren aktifim","Yüksek lisans veya doktora yapmak",NA,NA,NA,NA,NA,NA,"Akademik kariyer hedefi (araştırma / öğretim üyesi olmak)","Danışman kalitesi",NA,NA,"Yurtdışında","70.000–99.999","Hibrit",4,2,1,1,2,5,3,4,2,4,"2.0","4.0","1 (En önemli)","3.0","5 (En az önemli)"
2025-11-10 10:33:09.116,"Türkçe -Turkish","Bilgisayar Mühendisliği","Hayır","4. sınıf","21–23","Erkek","3.51–4.0","Evet, yarı zamanlı",4,2,5,"Nadiren","Hiç aktif değilim","Yüksek lisans veya doktora yapmak",NA,NA,NA,NA,NA,NA,"Alanımı derinlemesine öğrenmek","Üniversitenin itibarı",NA,NA,"Kendi işimde","100.000+","Hibrit",4,3,3,1,5,5,3,2,2,1,"3.0","5 (En az önemli)","2.0","1 (En önemli)","4.0"
2025-11-10 11:59:28.115,"Türkçe -Turkish","Bilgisayar Mühendisliği","Hayır","4. sınıf","24 ve üzeri","Erkek","2.01–2.5","Hayır",3,3,4,"Nadiren","Hiç aktif değilim","Tam zamanlı işe başlamak",NA,NA,NA,NA,5,"Evet",NA,NA,NA,NA,"Türkiye’de – yerel firma","70.000–99.999","Hibrit",4,5,2,2,2,5,3,3,4,2,"5 (En az önemli)","4.0","3.0","2.0","1 (En önemli)"
2025-11-10 13:09:29.893,"Türkçe -Turkish","İstatistik","Hayır","3. sınıf","21–23","Erkek","2.51–3.0","Hayır",1,1,4,"Ara sıra","Ara sıra aktifim","Tam zamanlı işe başlamak",NA,NA,NA,NA,4,"Evet",NA,NA,NA,NA,"Yurtdışında","50.000–69.999","Hibrit",2,5,2,1,5,5,5,3,4,2,"1 (En önemli)","3.0","5 (En az önemli)","4.0","2.0"
2025-11-10 13:10:19.1,"Türkçe -Turkish","İstatistik","Hayır","3. sınıf","21–23","Erkek","2.51–3.0","Evet, yarı zamanlı",3,4,4,"Nadiren","Ara sıra aktifim","Yüksek lisans veya doktora yapmak",NA,NA,NA,NA,NA,NA,"Yurtdışında deneyim kazanmak","Konum (ülke / şehir)",NA,NA,"Yurtdışında","50.000–69.999","Hibrit",5,2,1,1,4,5,4,3,3,2,"2.0","1 (En önemli)","5 (En az önemli)","3.0","4.0"
2025-11-10 13:11:47.346,"Türkçe -Turkish","Fizik Eğitimi","Hayır","2. sınıf","21–23","Erkek","2.01–2.5","Evet, yarı zamanlı",4,3,3,"Nadiren","Hiç aktif değilim","Emin değilim, kervan yolda düzülür mantığı ile hareket edicem şimdilik.",NA,NA,NA,NA,NA,NA,NA,NA,4,"İş deneyimi kazandıktan sonra","Kendi işimde","70.000–99.999","Hibrit",3,1,2,3,3,4,5,3,2,2,"2.0","1 (En önemli)","5 (En az önemli)","4.0","3.0"
2025-11-10 13:57:07.191,"Türkçe -Turkish","Felsefe","Hayır","4. sınıf","24 ve üzeri","Non-binary","3.01–3.5","Evet, yarı zamanlı",2,3,4,"Ara sıra","Nadiren aktifim","Yüksek lisans veya doktora yapmak",NA,NA,NA,NA,NA,NA,"Alanımı derinlemesine öğrenmek","Burs / finansal destek olanakları",NA,NA,"Türkiye’de – yerel firma","<30.000","Hibrit",3,3,1,5,4,4,5,5,4,3,"1 (En önemli)","5 (En az önemli)","2.0","3.0","4.0"
2025-11-12 12:20:49.572,"Türkçe -Turkish","Fizik","Hayır","4. sınıf","21–23","Erkek","3.51–4.0","Hayır",3,2,4,"Sık sık","Ara sıra aktifim","Yüksek lisans veya doktora yapmak",NA,NA,NA,NA,NA,NA,"Akademik kariyer hedefi (araştırma / öğretim üyesi olmak)","Danışman kalitesi",NA,NA,"Yurtdışında","50.000–69.999","Ofiste",4,1,1,2,4,5,5,4,3,2,"2.0","5 (En az önemli)","1 (En önemli)","4.0","3.0"
2025-11-12 21:37:31.81,"Türkçe -Turkish","İstatistik","Evet, yandal yapıyorum","3. sınıf","21–23","Kadın","3.51–4.0","Hayır",3,2,5,"Hiçbir zaman","Ara sıra aktifim","Tam zamanlı işe başlamak",NA,NA,NA,NA,5,"Muhtemelen evet",NA,NA,NA,NA,"Yurtdışında","70.000–99.999","Hibrit",3,4,1,4,5,5,4,3,4,5,"1 (En önemli)","2.0","5 (En az önemli)","3.0","4.0"
2025-11-13 10:58:26.846,"Türkçe -Turkish","Bilgisayar Mühendisliği","Hayır","1. sınıf","18 yaş altı","Erkek","3.51–4.0","Hayır",4,4,3,"Ara sıra","Hiç aktif değilim","Yüksek lisans veya doktora yapmak",NA,NA,NA,NA,NA,NA,"Alanımı derinlemesine öğrenmek","Üniversitenin itibarı",NA,NA,"Türkiye’de – uluslararası firma","Belirtmek istemiyorum","Hibrit",4,1,1,1,4,4,5,3,4,1,"1 (En önemli)","3.0","4.0","5 (En az önemli)","2.0"
2025-11-17 16:45:43.555,"Türkçe -Turkish","İstatistik","Hayır","1. sınıf","18 yaş altı","Kadın","0–2.0","Evet, yarı zamanlı",3,4,3,"Nadiren","Nadiren aktifim","Tam zamanlı işe başlamak",NA,NA,NA,NA,3,"Muhtemelen evet",NA,NA,NA,NA,"Türkiye’de – uluslararası firma","50.000–69.999","Hibrit",4,3,1,2,4,5,3,3,3,3,"2.0","1 (En önemli)","5 (En az önemli)","3.0","4.0"
2025-11-17 20:20:06.771,"Türkçe -Turkish","İstatistik","Hayır","2. sınıf","21–23","Kadın","2.51–3.0","Hayır",4,4,4,"Ara sıra","Ara sıra aktifim","Yüksek lisans veya doktora yapmak",NA,NA,NA,NA,NA,NA,"Alanımı derinlemesine öğrenmek","Üniversitenin itibarı",NA,NA,"Yurtdışında","50.000–69.999","Hibrit",5,3,2,2,4,5,4,4,4,4,"1 (En önemli)","2.0","5 (En az önemli)","4.0","3.0"
2025-11-18 12:34:04.195,"Türkçe -Turkish","İstatistik","Hayır","3. sınıf","21–23","Kadın","3.01–3.5","Hayır",2,1,4,"Nadiren","Hiç aktif değilim","Tam zamanlı işe başlamak",NA,NA,NA,NA,4,"Muhtemelen evet",NA,NA,NA,NA,"Yurtdışında","100.000+","Ofiste",4,3,4,1,5,5,2,5,1,1,"3.0","2.0","1 (En önemli)","4.0","5 (En az önemli)"
2025-11-21 11:06:36.908,"Türkçe -Turkish","İstatistik","Hayır","3. sınıf","21–23","Erkek","2.01–2.5","Evet, yarı zamanlı",1,2,4,"Ara sıra","Ara sıra aktifim","Tam zamanlı işe başlamak",NA,NA,NA,NA,4,"Muhtemelen evet",NA,NA,NA,NA,"Bilmiyorum","70.000–99.999","Tamamen uzaktan",2,2,2,2,4,4,5,4,4,3,"5 (En az önemli)","2.0","1 (En önemli)","3.0","4.0"
2025-11-26 23:21:34.225,"Türkçe -Turkish","İktisat","Hayır","Hazırlık","18–20","Söylemeyi tercih etmiyorum","3.51–4.0","Evet, yarı zamanlı",3,2,5,"Hiçbir zaman","Hiç aktif değilim","Ara yıl (gap year) vermek",5,"Seyahat / kültürel değişim",NA,NA,NA,NA,NA,NA,NA,NA,"Yurtdışında","Belirtmek istemiyorum","Hibrit",3,5,2,2,4,5,4,5,5,4,"2.0","3.0","5 (En az önemli)","4.0","1 (En önemli)"
2025-11-27 15:48:19.875,"Türkçe -Turkish","Endüstri Mühendisliği","Hayır","3. sınıf","21–23","Erkek","2.51–3.0","Hayır",2,1,5,"Ara sıra","Sık aktifim","Tam zamanlı işe başlamak",NA,NA,NA,NA,5,"Muhtemelen evet",NA,NA,NA,NA,"Yurtdışında","70.000–99.999","Hibrit",3,1,1,1,4,5,3,5,5,2,"5 (En az önemli)","2.0","3.0","4.0","1 (En önemli)"
2025-12-03 13:30:07.782,"Türkçe -Turkish","İstatistik","Hayır","2. sınıf","21–23","Kadın","2.51–3.0","Hayır",1,2,3,"Çok sık","Çok aktifim","Yüksek lisans veya doktora yapmak",NA,NA,NA,NA,NA,NA,"Yurtdışında deneyim kazanmak","Üniversitenin itibarı",NA,NA,"Yurtdışında","70.000–99.999","Hibrit",3,4,5,3,5,5,4,5,1,5,"1 (En önemli)","2.0","5 (En az önemli)","3.0","4.0"
2025-12-03 13:32:43.25,"Türkçe -Turkish","Çevre Mühendisliği","Hayır","2. sınıf","21–23","Kadın","2.01–2.5","Hayır",3,2,4,"Nadiren","Hiç aktif değilim","Yüksek lisans veya doktora yapmak",NA,NA,NA,NA,NA,NA,"Alanımı derinlemesine öğrenmek","Burs / finansal destek olanakları",NA,NA,"Türkiye’de – uluslararası firma","<30.000","Ofiste",4,2,2,3,3,5,5,4,2,4,"1 (En önemli)","4.0","2.0","3.0","5 (En az önemli)"
2025-12-03 13:33:48.466,"Türkçe -Turkish","Kimya Mühendisliği","Hayır","2. sınıf","18–20","Kadın","2.01–2.5","Hayır",2,3,1,"Hiçbir zaman","Hiç aktif değilim","Tam zamanlı işe başlamak",NA,NA,NA,NA,5,"Muhtemelen evet",NA,NA,NA,NA,"Türkiye’de – uluslararası firma","30.000–49.999","Hibrit",5,3,1,1,3,2,4,1,4,3,"2.0","1 (En önemli)","5 (En az önemli)","3.0","4.0"
2025-12-03 13:55:53.16,"Türkçe -Turkish","Elektrik ve Elektronik Mühendisliği","Hayır","2. sınıf","18–20","Kadın","3.01–3.5","Hayır",3,3,2,"Nadiren","Ara sıra aktifim","Yüksek lisans veya doktora yapmak",NA,NA,NA,NA,NA,NA,"Akademik kariyer hedefi (araştırma / öğretim üyesi olmak)","Konum (ülke / şehir)",NA,NA,"Yurtdışında","30.000–49.999","Ofiste",2,4,2,3,2,5,3,4,5,2,"2.0","5 (En az önemli)","3.0","4.0","1 (En önemli)"
